scope,level,budget,cpts_base,cpts_refined,delta_cpts,ci95_low,ci95_high,accepted_fraction,improved_fraction
Explainer,Grad-CAM,0.1,0.49642305247399304,0.591021758948642,0.0945987063634879,0.08890392445027828,0.10038819406181573,0.8629903975367788,0.7615221247863718
Explainer,LayerCAM,0.1,0.4853096312557981,0.5879176669562133,0.10260803567928421,0.09661839939653874,0.10855350252240896,0.8648478443987978,0.7641468662153863
Explainer,Integrated Gradients,0.1,0.46867972882301884,0.6066717061556799,0.1379919773332257,0.13100385442376136,0.1449783630669117,0.8771548163370553,0.8020976965109211
Explainer,LRP,0.1,0.4537567524919265,0.6174406102004539,0.1636838576721275,0.1561597041785717,0.17116294354200362,0.9006774745766895,0.8253198628853138
Explainer,RISE,0.1,0.4892062651132141,0.5909254979878562,0.10171923284137961,0.09563672002404928,0.10772189665585756,0.8514521618857199,0.7541866119775034
Explainer,Extremal Perturbation,0.1,0.46407947987060866,0.6133129777808431,0.14923349787409887,0.14214735031127929,0.15626678727567195,0.8743282052344197,0.8061021705423774
Explainer,Grad-CAM,0.2,0.5129098509467165,0.6159428610386863,0.10303301012219603,0.09702657591551542,0.1091798609122634,0.9046470554685797,0.8244229499164807
Explainer,LayerCAM,0.2,0.5011751877434207,0.6141684001382971,0.11299321237208389,0.10662220064550638,0.119577731564641,0.9139650474574204,0.8297411882712061
Explainer,Integrated Gradients,0.2,0.4997032425147767,0.6374753225548098,0.13777208006275618,0.13044601455330848,0.14511207044124602,0.9112870732856052,0.826399125916474
Explainer,LRP,0.2,0.47098316268025137,0.6416554242679523,0.17067226158872872,0.1629958301782608,0.178267328068614,0.9244299375759937,0.8504417696979042
Explainer,RISE,0.2,0.5126279337944647,0.6205764527018096,0.10794851880663296,0.1018635906279087,0.11423736046999693,0.9063246822830866,0.8267067661066851
Explainer,Extremal Perturbation,0.2,0.49122376733210016,0.6352414458548286,0.144017678560123,0.1369192823767662,0.15127742439508438,0.9029209677675911,0.8213880447565397
