dataset,fold,explainer,budget,cpts_base,cpts_refined,delta_cpts,ci95_low,ci95_high,accepted_fraction,improved_fraction
siim_acr,0,gradcam,0.1,0.5208002682775259,0.5660959489177912,0.045295680640265346,0.035897941701114176,0.05547950612381101,0.8515625,0.7734375
siim_acr,0,gradcam,0.2,0.5509750848868862,0.5990304735023528,0.048055388615466654,0.03940309183672071,0.05714642023667693,0.890625,0.8359375
siim_acr,0,layercam,0.1,0.5154394286219031,0.5661322476807982,0.05069281905889511,0.03948651123791933,0.06286663804203271,0.8515625,0.765625
siim_acr,0,layercam,0.2,0.5396008292445913,0.6022801485378295,0.06267931929323822,0.05018695490434766,0.07632648441940545,0.953125,0.890625
siim_acr,0,integrated_gradients,0.1,0.4143059227762933,0.5605198398698121,0.14621391709351883,0.11767387930303812,0.17455647140741348,0.875,0.8046875
siim_acr,0,integrated_gradients,0.2,0.4531739478926511,0.587742636911571,0.13456868901891994,0.10808710306882859,0.16258127503097058,0.8828125,0.7890625
siim_acr,0,lrp,0.1,0.39848639921547147,0.5691712781554088,0.17068487893993733,0.14406347274780273,0.1987016648054123,0.9453125,0.84375
siim_acr,0,lrp,0.2,0.4164892925084587,0.5823977190302685,0.16590842652180982,0.13532090038061143,0.19774458222091199,0.9140625,0.8046875
siim_acr,0,rise,0.1,0.4982256689690985,0.5574350489769131,0.059209380007814616,0.04384743422269821,0.0772291537374258,0.8828125,0.75
siim_acr,0,rise,0.2,0.5487908796640113,0.5958997011184692,0.04710882145445794,0.036306947004050016,0.05869746543467045,0.8671875,0.7890625
siim_acr,0,extremal_perturbation,0.1,0.46555231127422303,0.570053628878668,0.10450131760444492,0.08233403451740742,0.1284807562828064,0.8125,0.765625
siim_acr,0,extremal_perturbation,0.2,0.4966366177977761,0.5918250302784145,0.09518841248063836,0.07576969899237156,0.11688681337982415,0.859375,0.796875
siim_acr,1,gradcam,0.1,0.5320181377464905,0.5887160261627287,0.05669788841623813,0.04372349316254258,0.07104572914540767,0.890625,0.7890625
siim_acr,1,gradcam,0.2,0.5372210211935453,0.6017166702076793,0.06449564901413396,0.050873118732124564,0.07926862128078938,0.9453125,0.875
siim_acr,1,layercam,0.1,0.5265957711526426,0.5864453504909761,0.05984957933833357,0.04497686633840203,0.0763435898348689,0.8984375,0.78125
siim_acr,1,layercam,0.2,0.5371616989723407,0.6038433068897575,0.06668160791741684,0.05224602287635207,0.08239471949636935,0.890625,0.828125
siim_acr,1,integrated_gradients,0.1,0.4369243912806269,0.5589230223413324,0.12199863106070552,0.09925327878445386,0.14539330936968325,0.8359375,0.765625
siim_acr,1,integrated_gradients,0.2,0.472585930753894,0.5985355763696134,0.12594964561571942,0.09981246087700128,0.15325771272182465,0.8828125,0.8046875
siim_acr,1,lrp,0.1,0.41195746819357737,0.5956150632118806,0.18365759501830325,0.15435874424874782,0.21464533172547817,0.8671875,0.8125
siim_acr,1,lrp,0.2,0.44663232668241903,0.6094692916958593,0.16283696501344025,0.13309350684285165,0.19394848644733428,0.890625,0.8671875
siim_acr,1,rise,0.1,0.5180467523750849,0.5824812818318605,0.06443452945677564,0.04840030986815691,0.08270893357694148,0.859375,0.7890625
siim_acr,1,rise,0.2,0.5415230181733932,0.6084025496384129,0.06687953146501968,0.050344536826014516,0.08576345462352038,0.890625,0.7890625
siim_acr,1,extremal_perturbation,0.1,0.4608701601791836,0.5854311486473307,0.12456098846814712,0.10171507243067027,0.14818430244922637,0.8125,0.796875
siim_acr,1,extremal_perturbation,0.2,0.4897826629262454,0.595648912829347,0.10586624990310156,0.07933292835950852,0.13499719351530073,0.890625,0.7890625
siim_acr,2,gradcam,0.1,0.46200603782199323,0.5699749531922862,0.10796891537029296,0.08224082235246896,0.13599863462150097,0.9375,0.859375
siim_acr,2,gradcam,0.2,0.4605833720033985,0.6032190654046943,0.14263569340129578,0.10650224592536688,0.18072377294301986,0.953125,0.84375
siim_acr,2,layercam,0.1,0.4635530053410388,0.5755341188778402,0.1119811135368014,0.08710288796573877,0.13908708058297634,0.921875,0.875
siim_acr,2,layercam,0.2,0.48533362432838156,0.6174357526469989,0.13210212831861734,0.10098677109926939,0.16576699875295162,0.921875,0.8046875
siim_acr,2,integrated_gradients,0.1,0.506376488643582,0.658312779123662,0.15193629048008006,0.11905454359948635,0.18616463467478753,0.84375,0.7578125
siim_acr,2,integrated_gradients,0.2,0.589326325433035,0.7317249904153869,0.14239866498235187,0.10983156077563763,0.177282989397645,0.9140625,0.828125
siim_acr,2,lrp,0.1,0.5878107115404418,0.6991977471625432,0.1113870356221014,0.08152785822749138,0.14331117905676363,0.8359375,0.65625
siim_acr,2,lrp,0.2,0.6354385884995841,0.7537983751390129,0.11835978663942884,0.0888587823137641,0.1502638004720211,0.875,0.734375
siim_acr,2,rise,0.1,0.46901921929514856,0.5677662946982309,0.09874707540308236,0.07206528540700674,0.1274165090173483,0.84375,0.7734375
siim_acr,2,rise,0.2,0.47144902034745606,0.6239949610317126,0.15254594068425653,0.1172537200152874,0.19060381837189197,0.9296875,0.859375
siim_acr,2,extremal_perturbation,0.1,0.4785829857810313,0.6374819166958332,0.1588989309148019,0.12449918482452631,0.19566897153854368,0.8046875,0.7421875
siim_acr,2,extremal_perturbation,0.2,0.5119338681320249,0.7066957360366359,0.19476186790461109,0.1549407694488764,0.23720366768538947,0.8671875,0.7578125
siim_acr,3,gradcam,0.1,0.5725381654920056,0.6079076207242906,0.03536945523228496,0.02763975323177874,0.043610285874456166,0.84375,0.734375
siim_acr,3,gradcam,0.2,0.5964801863301545,0.6434079847531393,0.04692779842298478,0.03598223365843296,0.05951591925695538,0.8984375,0.828125
siim_acr,3,layercam,0.1,0.5701170212123543,0.6133103995816782,0.04319337836932391,0.033168039936572316,0.054290266241878264,0.8515625,0.7578125
siim_acr,3,layercam,0.2,0.5888262717053294,0.6468281977577135,0.05800192605238408,0.04345635809004307,0.07444423623383045,0.8984375,0.796875
siim_acr,3,integrated_gradients,0.1,0.40682427354477113,0.575003017205745,0.16817874366097385,0.14054797999560834,0.1981309905648231,0.8984375,0.8671875
siim_acr,3,integrated_gradients,0.2,0.46871003985393145,0.6253573163412511,0.1566472764873197,0.12735779359936714,0.18795451074838637,0.90625,0.8359375
siim_acr,3,lrp,0.1,0.42761049066530177,0.6048984829976689,0.17728799233236714,0.14883730821311475,0.20624325089156628,0.8984375,0.859375
siim_acr,3,lrp,0.2,0.4581027814286577,0.6352240538690239,0.17712127244036627,0.14639301784336567,0.2096614547073841,0.9375,0.859375
siim_acr,3,rise,0.1,0.5601932575809769,0.6008934986311942,0.0407002410502173,0.02891563638113439,0.05412768311798572,0.796875,0.703125
siim_acr,3,rise,0.2,0.594330336258281,0.6339103805366904,0.03958004427840933,0.029650836577638985,0.05038053663447499,0.890625,0.7421875
siim_acr,3,extremal_perturbation,0.1,0.4850307318738487,0.6079375664703548,0.12290683459650609,0.09770330283790828,0.14996111989021302,0.8671875,0.7578125
siim_acr,3,extremal_perturbation,0.2,0.5200051845531561,0.6138233344827313,0.09381814992957516,0.07413340974599122,0.11491728108376263,0.890625,0.8125
siim_acr,4,gradcam,0.1,0.47480361965718004,0.5487657334888354,0.07396211383165537,0.05346437878906727,0.09788823910057544,0.8671875,0.78125
siim_acr,4,gradcam,0.2,0.4985519638057667,0.580453641130589,0.08190167732482223,0.05901931002736092,0.10912114158272743,0.90625,0.8515625
siim_acr,4,layercam,0.1,0.47136175694924987,0.5560266622342169,0.08466490528496706,0.06345798317342996,0.10880826693028212,0.8828125,0.7734375
siim_acr,4,layercam,0.2,0.4892180483946305,0.589273304445669,0.10005525605103859,0.07282929457724094,0.13176351822912694,0.9140625,0.859375
siim_acr,4,integrated_gradients,0.1,0.4524503444331458,0.6086469341535121,0.15619658972036632,0.12689764685928823,0.18690454475581647,0.8828125,0.828125
siim_acr,4,integrated_gradients,0.2,0.5200197426893283,0.6618406180059537,0.14182087531662546,0.11515275985002518,0.16932920515537261,0.921875,0.8515625
siim_acr,4,lrp,0.1,0.5106546451435747,0.6565461300779134,0.14589148493433868,0.1130195090547204,0.18090303018689155,0.8828125,0.7734375
siim_acr,4,lrp,0.2,0.5578731559653534,0.703003816306591,0.14513066034123767,0.11501978114247322,0.17687367163598536,0.9609375,0.84375
siim_acr,4,rise,0.1,0.4599250264582224,0.5497114047175273,0.08978637825930491,0.07155811842530965,0.10919472761452198,0.859375,0.7734375
siim_acr,4,rise,0.2,0.4782637389759399,0.5764613453648053,0.09819760638886543,0.0730264587327838,0.12723287530243396,0.8828125,0.84375
siim_acr,4,extremal_perturbation,0.1,0.45111550091754715,0.6089059711666778,0.15779047024913062,0.1299829948693514,0.18721410557627677,0.8984375,0.828125
siim_acr,4,extremal_perturbation,0.2,0.46823068055726935,0.6265549819509033,0.15832430139363396,0.12809547632932664,0.1906724665313959,0.9296875,0.8515625
isic2016,0,gradcam,0.1,0.5299534842488356,0.6626461695414037,0.13269268529256806,0.10925061013549567,0.15693127252161504,0.8671875,0.7734375
isic2016,0,gradcam,0.2,0.5552348707569763,0.6874331857543439,0.13219831499736756,0.10910858642309904,0.15786658115684984,0.921875,0.84375
isic2016,0,layercam,0.1,0.4983607705216855,0.6513986620120704,0.15303789149038494,0.1281466480344534,0.17866578213870524,0.890625,0.828125
isic2016,0,layercam,0.2,0.5049304007843602,0.6700726170092821,0.16514221622492187,0.13600134775042533,0.19688317626714708,0.90625,0.8359375
isic2016,0,integrated_gradients,0.1,0.5223292072187178,0.6867514008190483,0.1644221936003305,0.13587729409337043,0.19423695132136345,0.90625,0.8359375
isic2016,0,integrated_gradients,0.2,0.5351158742851112,0.6889278225135058,0.1538119482283946,0.1269519355148077,0.1827700164169073,0.9375,0.890625
isic2016,0,lrp,0.1,0.5015148727688938,0.6820944952778518,0.18057962250895798,0.1559708870947361,0.206261245906353,0.953125,0.921875
isic2016,0,lrp,0.2,0.48343456837756094,0.6922096509952098,0.20877508261764888,0.18141023442149162,0.23622208833694458,0.9765625,0.9609375
isic2016,0,rise,0.1,0.5055019518767949,0.6499937227927148,0.14449177091591991,0.122265699878335,0.16726762130856512,0.9453125,0.875
isic2016,0,rise,0.2,0.5399343665339984,0.6774592876899987,0.13752492115600035,0.11538461279124021,0.16280124075710772,0.8984375,0.8671875
isic2016,0,extremal_perturbation,0.1,0.5129640774102882,0.6692193613853306,0.1562552839750424,0.13452709279954433,0.17934137284755705,0.9296875,0.90625
isic2016,0,extremal_perturbation,0.2,0.49578650153125636,0.676030658185482,0.18024415665422566,0.1535747952759266,0.20760253220796585,0.9375,0.8984375
isic2016,1,gradcam,0.1,0.5544024074310752,0.6783120278269053,0.12390962039583006,0.09573785476386547,0.1537993423640728,0.9375,0.8359375
isic2016,1,gradcam,0.2,0.5893272000685101,0.6774987954267999,0.08817159535828978,0.07026202455163003,0.10690631940960883,0.9296875,0.8046875
isic2016,1,layercam,0.1,0.541802908891531,0.664119309047237,0.122316400155706,0.09537499360740184,0.15106010735034942,0.9609375,0.828125
isic2016,1,layercam,0.2,0.5836743496765848,0.6875650475267321,0.10389069785014726,0.08246584590524435,0.12643791027367116,0.9375,0.84375
isic2016,1,integrated_gradients,0.1,0.6285878221551684,0.7287572878412902,0.10016946568612184,0.07388047259300948,0.12865509539842607,0.8828125,0.7734375
isic2016,1,integrated_gradients,0.2,0.6644966562435002,0.759266892913729,0.09477023667022877,0.06947203390300274,0.12224306464195252,0.875,0.75
isic2016,1,lrp,0.1,0.5685092272096881,0.7361440968234092,0.1676348696137211,0.131265252456069,0.20564821548759937,0.8984375,0.796875
isic2016,1,lrp,0.2,0.6086203673166892,0.7678609278518707,0.15924056053518143,0.12557308711111545,0.19477083757519714,0.9375,0.828125
isic2016,1,rise,0.1,0.5429171872031304,0.6784941375954077,0.13557695039227724,0.1031735174357891,0.1710039358586073,0.8984375,0.7890625
isic2016,1,rise,0.2,0.5795637772458235,0.7026787759969011,0.12311499875107756,0.09704749491065741,0.15211217626929283,0.9609375,0.8828125
isic2016,1,extremal_perturbation,0.1,0.5632384313706815,0.7271330584771931,0.1638946271065116,0.12959754280745983,0.19890608638525006,0.8984375,0.796875
isic2016,1,extremal_perturbation,0.2,0.6179182387568289,0.7527533010579646,0.13483506230113562,0.10584545191377401,0.16594582125544546,0.8984375,0.78125
isic2016,2,gradcam,0.1,0.4860580004460644,0.6701540831127204,0.184096082666656,0.15939910635352134,0.21024615727365017,0.8984375,0.875
isic2016,2,gradcam,0.2,0.5050304927281104,0.6841069459915161,0.1790764532634057,0.1534422632306814,0.20501255579292774,0.9765625,0.9375
isic2016,2,layercam,0.1,0.47132733893522527,0.66993721248582,0.19860987355059478,0.17132969796657563,0.22693302929401396,0.9140625,0.8984375
isic2016,2,layercam,0.2,0.4770590469124727,0.6656985328299925,0.18863948591751978,0.16014959588646888,0.21823574677109717,0.9375,0.8828125
isic2016,2,integrated_gradients,0.1,0.47167505347169936,0.6508073325967416,0.17913227912504226,0.15328053012490273,0.20508848056197165,0.921875,0.890625
isic2016,2,integrated_gradients,0.2,0.48004619435960194,0.6657755555352196,0.18572936117561767,0.1540956299751997,0.21832154877483845,0.9453125,0.8828125
isic2016,2,lrp,0.1,0.4578294967068359,0.6792534869164228,0.22142399020958692,0.192183455824852,0.2509651675820351,0.9765625,0.9609375
isic2016,2,lrp,0.2,0.4358676311094314,0.678594488883391,0.24272685777395964,0.21284285932779312,0.2727483458817005,0.9609375,0.9453125
isic2016,2,rise,0.1,0.5304229393950664,0.6717412025900558,0.1413182631949894,0.11971929911524057,0.1636184874922037,0.890625,0.8671875
isic2016,2,rise,0.2,0.5441986295045353,0.6830502378288656,0.1388516083243303,0.11662741657346487,0.1625911522656679,0.9609375,0.9140625
isic2016,2,extremal_perturbation,0.1,0.4597865825635381,0.6769680178258568,0.2171814352623187,0.18909163661301137,0.24566800408065317,0.9609375,0.9140625
isic2016,2,extremal_perturbation,0.2,0.47082015649357345,0.6771291599143296,0.2063090034207562,0.1766459159553051,0.23769287429749966,0.9609375,0.9375
isic2016,3,gradcam,0.1,0.4590279058320448,0.6047720552887768,0.14574414945673198,0.12084335070103407,0.17171257510781288,0.90625,0.8203125
isic2016,3,gradcam,0.2,0.4929193666903302,0.6296771804336458,0.13675781374331564,0.11214311048388481,0.16234744749963279,0.9296875,0.8515625
isic2016,3,layercam,0.1,0.4199117307725828,0.5972194557543844,0.17730772498180158,0.1475598230957985,0.2073852691799402,0.8828125,0.796875
isic2016,3,layercam,0.2,0.4466707518548674,0.6093424244318157,0.16267167257694837,0.13445309475064277,0.1916750680655241,0.953125,0.8828125
isic2016,3,integrated_gradients,0.1,0.4914510563976364,0.6703010345518123,0.17884997815417591,0.1475013978779316,0.21103775762021543,0.9453125,0.8515625
isic2016,3,integrated_gradients,0.2,0.4772765859088395,0.6740272850729525,0.19675069916411303,0.16298154667019843,0.23079012781381605,0.9453125,0.8515625
isic2016,3,lrp,0.1,0.40804056475826656,0.6378428963944316,0.22980233163616504,0.2032294910401106,0.25702523142099376,0.96875,0.953125
isic2016,3,lrp,0.2,0.3935794502904173,0.6411613146774471,0.24758186438702978,0.22125672325491905,0.27456324845552443,0.9765625,0.9765625
isic2016,3,rise,0.1,0.4559625980182318,0.6013102880679071,0.1453476900496753,0.12154335677623748,0.1701606038957834,0.890625,0.8203125
isic2016,3,rise,0.2,0.5054255082868622,0.6371093785855919,0.13168387029872974,0.11095351334661245,0.1534755274653435,0.9375,0.875
isic2016,3,extremal_perturbation,0.1,0.47686111043731216,0.6576171475462615,0.18075603710894939,0.1528744738548994,0.21075595133006572,0.9765625,0.90625
isic2016,3,extremal_perturbation,0.2,0.475563707506808,0.6575290553737432,0.1819653478669352,0.1561931326985359,0.2084919054061174,0.9609375,0.921875
isic2016,4,gradcam,0.1,0.3918878128670258,0.5725172212696634,0.18062940840263764,0.15061171613633634,0.21056843250989912,0.875,0.765625
isic2016,4,gradcam,0.2,0.37815307898790707,0.6049168139288668,0.2267637349409597,0.19121466539800167,0.26367385014891626,0.9140625,0.859375
isic2016,4,layercam,0.1,0.3993753495051351,0.5733860164182261,0.17401066691309097,0.1414754420518875,0.20666570588946342,0.828125,0.71875
isic2016,4,layercam,0.2,0.41325871655840274,0.6025659785955213,0.18930726203711856,0.15532471276819707,0.22526098415255547,0.921875,0.8046875
isic2016,4,integrated_gradients,0.1,0.4695905579245263,0.6651012429501861,0.19551068502565982,0.16312349103391172,0.228300741687417,0.9296875,0.90625
isic2016,4,integrated_gradients,0.2,0.4142179962498176,0.6524622335564345,0.23824423730661692,0.20757207460701466,0.27034869194030764,1.0,0.9765625
isic2016,4,lrp,0.1,0.3467576131297392,0.6286668442189693,0.28190923108923016,0.2523040845990181,0.31217795759439465,0.9921875,0.9609375
isic2016,4,lrp,0.2,0.33977583479418794,0.625825175549835,0.28604934075564703,0.25650102868676183,0.31583786085247995,0.9921875,0.9921875
isic2016,4,rise,0.1,0.35541669103622553,0.6075840916018933,0.2521674005656678,0.21807932294905186,0.2866910338401794,0.9140625,0.8515625
isic2016,4,rise,0.2,0.37337747647762853,0.6187570615438744,0.2453795850662459,0.21017075181007386,0.281299214810133,0.953125,0.890625
isic2016,4,extremal_perturbation,0.1,0.3709093304350972,0.6499215690419078,0.27901223860681057,0.2513299614191055,0.30800741016864774,0.984375,0.96875
isic2016,4,extremal_perturbation,0.2,0.35408607096178457,0.6395082231611013,0.28542215219931677,0.2549342952668667,0.3159096524119377,0.9921875,0.96875
pad_ufes20,0,gradcam,0.1,0.5568896031898001,0.6077084713655969,0.050818867916646214,0.03432501424103975,0.06881221886724231,0.7782608695652173,0.6347826086956522
pad_ufes20,0,gradcam,0.2,0.5612124627051146,0.6253319890602775,0.06411952648473823,0.04758914103731513,0.0818595077842474,0.8304347826086956,0.6739130434782609
pad_ufes20,0,layercam,0.1,0.5313698695309501,0.5901190625584644,0.058749193406623344,0.04051826521754265,0.07998533379286527,0.7869565217391304,0.5956521739130435
pad_ufes20,0,layercam,0.2,0.5222127062799601,0.6094708764034769,0.0872581703507382,0.06439169570803642,0.11192648522555827,0.8956521739130435,0.7217391304347827
pad_ufes20,0,integrated_gradients,0.1,0.41900808395157585,0.5461993077526922,0.1271912241111631,0.10311137344688177,0.15232013650238513,0.8869565217391304,0.8173913043478261
pad_ufes20,0,integrated_gradients,0.2,0.4753188071205564,0.6054022909506508,0.13008348397586655,0.10181871019303798,0.16041587442159652,0.9695652173913043,0.8565217391304348
pad_ufes20,0,lrp,0.1,0.45016826917012426,0.5595425381608631,0.1093742689360743,0.08476276323199272,0.13594625368714333,0.8260869565217391,0.7434782608695653
pad_ufes20,0,lrp,0.2,0.4598210127400386,0.597518580455495,0.13769756772595904,0.11132479850202799,0.16612659394741058,0.8782608695652174,0.7956521739130434
pad_ufes20,0,rise,0.1,0.5490685222063052,0.5909664513948171,0.04189792923305346,0.025947858486324547,0.059932645037770266,0.717391304347826,0.5652173913043478
pad_ufes20,0,rise,0.2,0.5710850774593975,0.6216699736273807,0.050584896232770835,0.038501741271466015,0.06341497208923101,0.8217391304347826,0.7130434782608696
pad_ufes20,0,extremal_perturbation,0.1,0.44314115706264323,0.5834783740665601,0.14033721730760906,0.11268090959638358,0.16962698027491568,0.8347826086956521,0.7608695652173914
pad_ufes20,0,extremal_perturbation,0.2,0.5041741631844121,0.6199514710708804,0.11577730820230815,0.09146709553897381,0.1416349746286869,0.8869565217391304,0.7956521739130434
pad_ufes20,1,gradcam,0.1,0.5044086495470821,0.5566265003699246,0.05221785072124365,0.03662309804931283,0.06955921351909637,0.6878787878787878,0.5787878787878787
pad_ufes20,1,gradcam,0.2,0.5215330767134825,0.580110482329672,0.05857740541299184,0.04464539531618357,0.07400684636086226,0.7333333333333333,0.6939393939393941
pad_ufes20,1,layercam,0.1,0.4626870452680371,0.5320121814355706,0.06932513603206837,0.050261408928781746,0.08987345080822706,0.7121212121212122,0.6075757575757577
pad_ufes20,1,layercam,0.2,0.4695783712016375,0.5466164641533837,0.07703809266289076,0.05955236814916134,0.0951699674129486,0.7984848484848486,0.7530303030303032
pad_ufes20,1,integrated_gradients,0.1,0.3907941451843009,0.4887291706195383,0.09793502496499003,0.07783109154552222,0.11972629632800817,0.8378787878787878,0.7606060606060605
pad_ufes20,1,integrated_gradients,0.2,0.3988823388237506,0.5229605770952097,0.12407823836882456,0.09482503514736891,0.15606097951531409,0.9318181818181818,0.8363636363636363
pad_ufes20,1,lrp,0.1,0.3967749800981079,0.5121620708794304,0.11538709142442904,0.09060243852436542,0.14222542047500608,0.85,0.7363636363636363
pad_ufes20,1,lrp,0.2,0.40733131550216717,0.5240566386079246,0.11672532314603978,0.09257703144103288,0.1428759384900331,0.9045454545454545,0.7545454545454545
pad_ufes20,1,rise,0.1,0.48823426550987997,0.5382644012683269,0.05003013572458064,0.0354175727814436,0.0654516290873289,0.6969696969696969,0.5712121212121213
pad_ufes20,1,rise,0.2,0.507504877865766,0.5777354687847422,0.07023059039404898,0.050163531489670274,0.09269384182989596,0.8060606060606059,0.7166666666666668
pad_ufes20,1,extremal_perturbation,0.1,0.4482999054658593,0.5444551393389702,0.09615523417790732,0.07392614688724279,0.11888669151812792,0.8606060606060605,0.7333333333333333
pad_ufes20,1,extremal_perturbation,0.2,0.47984430900577346,0.5718389653798306,0.09199465664498735,0.07023703046143055,0.11505560334771871,0.8636363636363636,0.740909090909091
pad_ufes20,2,gradcam,0.1,0.4849810711815729,0.5444543173273763,0.05947324606749389,0.040745814051479104,0.080569732747972,0.7822822822822822,0.6396396396396395
pad_ufes20,2,gradcam,0.2,0.5181927863779748,0.5935454640660557,0.07535267789084632,0.053154827933758496,0.0996301107108593,0.8558558558558559,0.7357357357357357
pad_ufes20,2,layercam,0.1,0.4735252181011887,0.5399037498880077,0.06637853140140082,0.04792557172477245,0.08619789592921731,0.7642642642642642,0.644144144144144
pad_ufes20,2,layercam,0.2,0.508978443788001,0.5976241463655466,0.08864570299426357,0.06364516969770193,0.11471459586173297,0.8723723723723723,0.7567567567567566
pad_ufes20,2,integrated_gradients,0.1,0.4809117266969817,0.560602908601632,0.07969118166972208,0.06002930467948318,0.10150343626737592,0.7777777777777779,0.6756756756756757
pad_ufes20,2,integrated_gradients,0.2,0.5278984647489456,0.6088746048666692,0.08097614019035221,0.06021248027682304,0.10379588194191455,0.8603603603603603,0.7507507507507508
pad_ufes20,2,lrp,0.1,0.446351132544412,0.5669190271928146,0.12056789444284038,0.09329736120998859,0.14954032078385351,0.8363363363363363,0.7267267267267267
pad_ufes20,2,lrp,0.2,0.4785601475207707,0.6218449262616871,0.1432847785162138,0.10914717521518469,0.18002209030091762,0.8378378378378377,0.7312312312312312
pad_ufes20,2,rise,0.1,0.4846654750809476,0.5525488516500404,0.06788337653553164,0.050948189198970796,0.08606046885251999,0.8243243243243243,0.6891891891891891
pad_ufes20,2,rise,0.2,0.5034327848671792,0.5982354972008113,0.09480271179665314,0.0715149637311697,0.12060425691306591,0.9444444444444445,0.8243243243243242
pad_ufes20,2,extremal_perturbation,0.1,0.4384481709327426,0.5545254596495055,0.1160772881797842,0.08858497925102711,0.14560432620346545,0.7867867867867868,0.7087087087087088
pad_ufes20,2,extremal_perturbation,0.2,0.4918606070180734,0.6069228867287034,0.11506228001268058,0.08748576864600181,0.14338130019605158,0.885885885885886,0.7612612612612613
pad_ufes20,3,gradcam,0.1,0.4775097628642464,0.5590964930318899,0.08158672954826872,0.058861718885600565,0.10732442885637282,0.8851132686084141,0.7394822006472491
pad_ufes20,3,gradcam,0.2,0.47881959109645467,0.570070937661677,0.09125134667146553,0.0707675963640213,0.11366128344088791,0.9174757281553398,0.8187702265372169
pad_ufes20,3,layercam,0.1,0.4854103792217595,0.5757996744949454,0.09038929527920814,0.0675933187827468,0.11494908984750507,0.8996763754045306,0.7847896440129449
pad_ufes20,3,layercam,0.2,0.48101429131581264,0.5939267522212371,0.11291246039003232,0.08979500755667687,0.13771336413919924,0.9368932038834952,0.8721682847896439
pad_ufes20,3,integrated_gradients,0.1,0.49213694219860254,0.5873012731520875,0.095164331224744,0.07373612578958273,0.11910410318523645,0.8656957928802588,0.7944983818770226
pad_ufes20,3,integrated_gradients,0.2,0.520044919407797,0.6102089516119279,0.09016403215892106,0.06629776675254107,0.11666947193443775,0.8640776699029126,0.7799352750809061
pad_ufes20,3,lrp,0.1,0.48357561766245316,0.5928265091188517,0.10925089076016713,0.0857224963605404,0.13480566181242465,0.8576051779935276,0.7961165048543689
pad_ufes20,3,lrp,0.2,0.5069512525470897,0.622387585420053,0.11543633265595604,0.08873587399721146,0.14400173053145407,0.8899676375404529,0.8042071197411003
pad_ufes20,3,rise,0.1,0.47586096538289924,0.5737133585037152,0.09785239299620627,0.06883342433720827,0.12856204025447368,0.8430420711974111,0.7119741100323626
pad_ufes20,3,rise,0.2,0.4794969644902717,0.5945723591836525,0.11507539437860731,0.08928393721580505,0.14392327219247816,0.8932038834951457,0.8349514563106796
pad_ufes20,3,extremal_perturbation,0.1,0.4661742629887217,0.5737036982834531,0.10752943493305286,0.08306617829948663,0.13503204435110092,0.8171521035598704,0.7330097087378641
pad_ufes20,3,extremal_perturbation,0.2,0.5273109974375773,0.6192006255864712,0.09188962804943225,0.06778090093284846,0.11858038268983363,0.8786407766990292,0.7605177993527509
pad_ufes20,4,gradcam,0.1,0.4390608605069516,0.5275787626094414,0.08851790149350587,0.06654816772788763,0.11339935380965471,0.9363207547169812,0.8223270440251573
pad_ufes20,4,gradcam,0.2,0.44941320985613487,0.558623285928987,0.10921007629085636,0.08626283314079046,0.1346954882144928,0.9669811320754716,0.9127358490566038
pad_ufes20,4,layercam,0.1,0.44880687481168735,0.5274209013829629,0.07861402639006293,0.05938570983707905,0.09933348949998617,0.9268867924528302,0.8066037735849056
pad_ufes20,4,layercam,0.2,0.4701102651339375,0.5699824522594985,0.0998721869439824,0.07965312488377094,0.12263007760047911,0.9716981132075472,0.9127358490566038
pad_ufes20,4,integrated_gradients,0.1,0.44682991646765435,0.5541190407561056,0.1072891244207913,0.08287434801459312,0.13288213573396204,0.8671383647798743,0.7020440251572326
pad_ufes20,4,integrated_gradients,0.2,0.4984348139508903,0.5690224861620733,0.07058767228147145,0.05384446335956454,0.08788929264992473,0.8325471698113207,0.7114779874213836
pad_ufes20,4,lrp,0.1,0.41030979857200894,0.5407284864183491,0.13041868761369266,0.10640981774777174,0.15628665201365943,0.9213836477987422,0.8380503144654088
pad_ufes20,4,lrp,0.2,0.43626971492094463,0.5694788192756146,0.1332091047610127,0.10719330068677664,0.16173324473202227,0.9339622641509434,0.8584905660377359
pad_ufes20,4,rise,0.1,0.44463345631019874,0.5409784354972389,0.09634497883559774,0.07323801387101411,0.12100298516452312,0.9088050314465408,0.7830188679245284
pad_ufes20,4,rise,0.2,0.4510425507664276,0.5587098123952335,0.10766726143002135,0.08496873509138822,0.13122974149882793,0.9575471698113207,0.8584905660377359
pad_ufes20,4,extremal_perturbation,0.1,0.4402174793664108,0.5528626092387445,0.11264512962046658,0.0883636649698019,0.13955009430646892,0.8702830188679245,0.7727987421383646
pad_ufes20,4,extremal_perturbation,0.2,0.4644027441189443,0.5732093457858892,0.10880660143850733,0.08487345818430185,0.134630050137639,0.8411949685534592,0.7468553459119496
