backbone,scope,level,budget,cpts_base,cpts_refined,delta_cpts,ci95_low,ci95_high,accepted_fraction,improved_fraction
resnet18,Explainer,Grad-CAM,0.1,0.49642305247399304,0.591021758948642,0.0945987063634879,0.08887802362442017,0.10030490662902593,0.8629903975367788,0.7615221247863718
resnet18,Explainer,LayerCAM,0.1,0.4853096312557981,0.5879176669562133,0.10260803567928421,0.09651125371456146,0.10855279676616192,0.8648478443987978,0.7641468662153863
resnet18,Explainer,Integrated Gradients,0.1,0.46867972882301884,0.6066717061556799,0.1379919773332257,0.1310421947389841,0.14505392573773862,0.8771548163370553,0.8020976965109211
resnet18,Explainer,LRP,0.1,0.4537567524919265,0.6174406102004539,0.1636838576721275,0.15609753392636777,0.1712208479642868,0.9006774745766895,0.8253198628853138
resnet18,Explainer,RISE,0.1,0.4892062651132141,0.5909254979878562,0.10171923284137961,0.09585799779742957,0.10774178430438042,0.8514521618857199,0.7541866119775034
resnet18,Explainer,Extremal Perturbation,0.1,0.46407947987060866,0.6133129777808431,0.14923349787409887,0.14200180023908615,0.15646412894129752,0.8743282052344197,0.8061021705423774
resnet18,Explainer,Grad-CAM,0.2,0.5129098509467165,0.6159428610386863,0.10303301012219603,0.09709604531526565,0.10901968404650687,0.9046470554685797,0.8244229499164807
resnet18,Explainer,LayerCAM,0.2,0.5011751877434207,0.6141684001382971,0.11299321237208389,0.10650866851210594,0.11957850214093924,0.9139650474574204,0.8297411882712061
resnet18,Explainer,Integrated Gradients,0.2,0.4997032425147767,0.6374753225548098,0.13777208006275618,0.13038561530411244,0.14525436870753766,0.9112870732856052,0.826399125916474
resnet18,Explainer,LRP,0.2,0.47098316268025137,0.6416554242679523,0.17067226158872872,0.16287170685827732,0.1785329647362232,0.9244299375759937,0.8504417696979042
resnet18,Explainer,RISE,0.2,0.5126279337944647,0.6205764527018096,0.10794851880663296,0.10179215911775827,0.11417809836566448,0.9063246822830866,0.8267067661066851
resnet18,Explainer,Extremal Perturbation,0.2,0.49122376733210016,0.6352414458548286,0.144017678560123,0.13680249601602554,0.15119301453232764,0.9029209677675911,0.8213880447565397
regnet_x_400mf,Explainer,Grad-CAM,0.1,0.5154825845326125,0.5998497317813816,0.08436714724876894,0.0792264025658369,0.08962934706360101,0.8340877868447517,0.723447297292849
regnet_x_400mf,Explainer,LayerCAM,0.1,0.5044319072453459,0.5936090937098247,0.08917718646447882,0.08394039366394282,0.09456820860505104,0.8547192199553603,0.761403207562584
regnet_x_400mf,Explainer,Integrated Gradients,0.1,0.4600791892188284,0.5873306317781604,0.1272514425593319,0.12091106623411178,0.13364193439483643,0.9007275459619639,0.8178227014254674
regnet_x_400mf,Explainer,LRP,0.1,0.4857631980942971,0.6048900884960818,0.11912689040178481,0.11195389423519372,0.12648928314447402,0.7335777800859746,0.6258087224017738
regnet_x_400mf,Explainer,RISE,0.1,0.4928095020670054,0.602898775276604,0.11008927320959859,0.10393166653811932,0.11644710246473551,0.8675401996801715,0.7681744767744179
regnet_x_400mf,Explainer,Extremal Perturbation,0.1,0.4555100890826426,0.5955613495206649,0.14005126043802224,0.13280039764940738,0.14737421348690985,0.8467255901188698,0.7518339350169142
regnet_x_400mf,Explainer,Grad-CAM,0.2,0.5256884430299076,0.6121552653311897,0.08646682230128214,0.08161561153829097,0.09161979984492064,0.8863738791767074,0.8044335490395049
regnet_x_400mf,Explainer,LayerCAM,0.2,0.5170141868945483,0.6016624531149646,0.0846482662204162,0.07987771686166525,0.08946685809642076,0.8902419002316161,0.7991124815190876
regnet_x_400mf,Explainer,Integrated Gradients,0.2,0.4693763455828446,0.6004074191461001,0.13103107356325555,0.12501705288887024,0.13703368343412875,0.9173159948208358,0.8497862595672355
regnet_x_400mf,Explainer,LRP,0.2,0.45008867942319586,0.5860309820036972,0.13594230258050136,0.1283212661743164,0.14381990283727644,0.7902190178742611,0.6955434263613665
regnet_x_400mf,Explainer,RISE,0.2,0.4995704663210919,0.6108669135287518,0.11129644720766003,0.1053616100922227,0.11739794444292784,0.899210061738032,0.8272933275780489
regnet_x_400mf,Explainer,Extremal Perturbation,0.2,0.47239797360847774,0.6175419328075626,0.14514395919908482,0.13815655410289765,0.15220456719398498,0.8897093484282794,0.8199509702062179
