dataset,fold,backbone,explainer,budget,cpts_base,cpts_refined,delta_cpts,ci95_low,ci95_high,accepted_fraction,improved_fraction
siim_acr,0,resnet18,gradcam,0.1,0.5208002682775259,0.5660959489177912,0.045295680640265346,0.035788921546190976,0.05539928590878844,0.8515625,0.7734375
siim_acr,0,resnet18,gradcam,0.2,0.5509750848868862,0.5990304735023528,0.048055388615466654,0.039275024086236954,0.05705073159188032,0.890625,0.8359375
siim_acr,0,resnet18,layercam,0.1,0.5154394286219031,0.5661322476807982,0.05069281905889511,0.03938587224110961,0.06344494614750146,0.8515625,0.765625
siim_acr,0,resnet18,layercam,0.2,0.5396008292445913,0.6022801485378295,0.06267931929323822,0.050088559929281476,0.07605887092649936,0.953125,0.890625
siim_acr,0,resnet18,integrated_gradients,0.1,0.4143059227762933,0.5605198398698121,0.14621391709351883,0.11875887140631676,0.1739866342395544,0.875,0.8046875
siim_acr,0,resnet18,integrated_gradients,0.2,0.4531739478926511,0.587742636911571,0.13456868901891994,0.10785135477781296,0.16250489950180053,0.8828125,0.7890625
siim_acr,0,resnet18,lrp,0.1,0.39848639921547147,0.5691712781554088,0.17068487893993733,0.14425829313695432,0.19807284511625767,0.9453125,0.84375
siim_acr,0,resnet18,lrp,0.2,0.4164892925084587,0.5823977190302685,0.16590842652180982,0.13516675308346748,0.19750233888626098,0.9140625,0.8046875
siim_acr,0,resnet18,rise,0.1,0.4982256689690985,0.5574350489769131,0.059209380007814616,0.043215069267898795,0.07674769628793,0.8828125,0.75
siim_acr,0,resnet18,rise,0.2,0.5487908796640113,0.5958997011184692,0.04710882145445794,0.03642971189692616,0.058788139000535006,0.8671875,0.7890625
siim_acr,0,resnet18,extremal_perturbation,0.1,0.46555231127422303,0.570053628878668,0.10450131760444492,0.08219327665865421,0.1281661055982113,0.8125,0.765625
siim_acr,0,resnet18,extremal_perturbation,0.2,0.4966366177977761,0.5918250302784145,0.09518841248063836,0.0753776790574193,0.11630431488156319,0.859375,0.796875
siim_acr,0,regnet_x_400mf,gradcam,0.1,0.5529626183561049,0.6626827633008361,0.10972014494473115,0.08810054063796997,0.13292171880602835,0.8984375,0.78125
siim_acr,0,regnet_x_400mf,gradcam,0.2,0.5638425679062493,0.6708387884427793,0.10699622053653002,0.08696387782692909,0.12799024842679502,0.9453125,0.8359375
siim_acr,0,regnet_x_400mf,layercam,0.1,0.5625451656014775,0.6627739919349551,0.10022882633347763,0.08182465564459562,0.12020051572471856,0.8828125,0.796875
siim_acr,0,regnet_x_400mf,layercam,0.2,0.5516077164720627,0.6725945068319561,0.12098679035989335,0.09909080639481545,0.14454002939164637,0.953125,0.8828125
siim_acr,0,regnet_x_400mf,integrated_gradients,0.1,0.5778002519509755,0.7070855854544789,0.12928533350350335,0.1060501780360937,0.15448292307555675,0.9453125,0.875
siim_acr,0,regnet_x_400mf,integrated_gradients,0.2,0.5517948485212401,0.7163973953574896,0.16460254683624953,0.1381110016256571,0.19258584827184672,0.9453125,0.859375
siim_acr,0,regnet_x_400mf,lrp,0.1,0.4843102629602072,0.6534336972108576,0.16912343425065046,0.1408882148563862,0.1981824640184641,0.84375,0.8125
siim_acr,0,regnet_x_400mf,lrp,0.2,0.4890451529645361,0.6522975484840572,0.1632523955195211,0.1355097472667694,0.19288746751844882,0.8671875,0.8125
siim_acr,0,regnet_x_400mf,rise,0.1,0.5522339429880958,0.6660116464481689,0.1137777034600731,0.09394686371088028,0.1344720356166363,0.921875,0.84375
siim_acr,0,regnet_x_400mf,rise,0.2,0.5512375687540043,0.6803166901227087,0.12907912136870436,0.10929036699235439,0.14952898360788822,0.9375,0.90625
siim_acr,0,regnet_x_400mf,extremal_perturbation,0.1,0.562615670656669,0.7251640583854169,0.1625483877287479,0.1343425463885069,0.192271925881505,0.9296875,0.8203125
siim_acr,0,regnet_x_400mf,extremal_perturbation,0.2,0.5885253731394187,0.7380754738114774,0.14955010067205876,0.12373125627636909,0.17666826434433458,0.90625,0.8359375
siim_acr,1,resnet18,gradcam,0.1,0.5320181377464905,0.5887160261627287,0.05669788841623813,0.0435957957059145,0.07055379841476678,0.890625,0.7890625
siim_acr,1,resnet18,gradcam,0.2,0.5372210211935453,0.6017166702076793,0.06449564901413396,0.05079007251188159,0.07939164601266384,0.9453125,0.875
siim_acr,1,resnet18,layercam,0.1,0.5265957711526426,0.5864453504909761,0.05984957933833357,0.04473384078592062,0.0759738527238369,0.8984375,0.78125
siim_acr,1,resnet18,layercam,0.2,0.5371616989723407,0.6038433068897575,0.06668160791741684,0.05229582749307156,0.0823987627401948,0.890625,0.828125
siim_acr,1,resnet18,integrated_gradients,0.1,0.4369243912806269,0.5589230223413324,0.12199863106070552,0.09938061106950044,0.14551361389458178,0.8359375,0.765625
siim_acr,1,resnet18,integrated_gradients,0.2,0.472585930753894,0.5985355763696134,0.12594964561571942,0.09972942247986794,0.1531353451311588,0.8828125,0.8046875
siim_acr,1,resnet18,lrp,0.1,0.41195746819357737,0.5956150632118806,0.18365759501830325,0.15419562645256518,0.21437752544879912,0.8671875,0.8125
siim_acr,1,resnet18,lrp,0.2,0.44663232668241903,0.6094692916958593,0.16283696501344025,0.13411738015711308,0.19417254440486428,0.890625,0.8671875
siim_acr,1,resnet18,rise,0.1,0.5180467523750849,0.5824812818318605,0.06443452945677564,0.04805847248062491,0.0822224762290716,0.859375,0.7890625
siim_acr,1,resnet18,rise,0.2,0.5415230181733932,0.6084025496384129,0.06687953146501968,0.0501282837241888,0.08487887308001518,0.890625,0.7890625
siim_acr,1,resnet18,extremal_perturbation,0.1,0.4608701601791836,0.5854311486473307,0.12456098846814712,0.10169340018182993,0.14924617856740952,0.8125,0.796875
siim_acr,1,resnet18,extremal_perturbation,0.2,0.4897826629262454,0.595648912829347,0.10586624990310156,0.0795426346361637,0.13474861457943915,0.890625,0.7890625
siim_acr,1,regnet_x_400mf,gradcam,0.1,0.548685404190735,0.6151639573217835,0.06647855313104856,0.0475718293339014,0.08756184391677378,0.9140625,0.7265625
siim_acr,1,regnet_x_400mf,gradcam,0.2,0.5499403737301236,0.6096863450848105,0.059745971354686844,0.046377796679735184,0.07361234724521637,0.9375,0.796875
siim_acr,1,regnet_x_400mf,layercam,0.1,0.543192318890874,0.6094057909213006,0.0662134720304266,0.05010360414162278,0.08326811604201793,0.8671875,0.75
siim_acr,1,regnet_x_400mf,layercam,0.2,0.5415512749298159,0.6032482023729244,0.06169692744310851,0.04853186188265681,0.07602084260433913,0.9140625,0.78125
siim_acr,1,regnet_x_400mf,integrated_gradients,0.1,0.4376242662481218,0.5922109554230701,0.15458668917494833,0.12709127627313138,0.1840140365064144,0.890625,0.84375
siim_acr,1,regnet_x_400mf,integrated_gradients,0.2,0.5185588521378861,0.6126727909722831,0.094113938834397,0.07423780392855406,0.11689579915255305,0.8984375,0.828125
siim_acr,1,regnet_x_400mf,lrp,0.1,0.3931635607027957,0.5545896817202447,0.16142612101744902,0.13103119656443596,0.19273065887391566,0.84375,0.7265625
siim_acr,1,regnet_x_400mf,lrp,0.2,0.46430002469787723,0.5756799174123444,0.11137989271446713,0.08765552174299955,0.13660405911505222,0.7890625,0.6953125
siim_acr,1,regnet_x_400mf,rise,0.1,0.5510142117059331,0.6149814471596073,0.06396723545367422,0.04679222274571657,0.08266023714095354,0.875,0.71875
siim_acr,1,regnet_x_400mf,rise,0.2,0.5470631981952465,0.6098692437371938,0.06280604554194724,0.04963277569040656,0.07698773499578238,0.921875,0.78125
siim_acr,1,regnet_x_400mf,extremal_perturbation,0.1,0.4101489038730506,0.5698175540892407,0.15966865021619014,0.13581064976751805,0.18390172980725764,0.8671875,0.796875
siim_acr,1,regnet_x_400mf,extremal_perturbation,0.2,0.5052395316424736,0.6040750395331997,0.09883550789072615,0.0774006798863411,0.12118511721491812,0.8515625,0.734375
siim_acr,2,resnet18,gradcam,0.1,0.46200603782199323,0.5699749531922862,0.10796891537029296,0.08282064739614725,0.13608676232397554,0.9375,0.859375
siim_acr,2,resnet18,gradcam,0.2,0.4605833720033985,0.6032190654046943,0.14263569340129578,0.10677848104387522,0.18173452652990818,0.953125,0.84375
siim_acr,2,resnet18,layercam,0.1,0.4635530053410388,0.5755341188778402,0.1119811135368014,0.08665973339229822,0.13938882127404212,0.921875,0.875
siim_acr,2,resnet18,layercam,0.2,0.48533362432838156,0.6174357526469989,0.13210212831861734,0.10143993329256773,0.16673926115036009,0.921875,0.8046875
siim_acr,2,resnet18,integrated_gradients,0.1,0.506376488643582,0.658312779123662,0.15193629048008006,0.12045330312103034,0.18650697283446788,0.84375,0.7578125
siim_acr,2,resnet18,integrated_gradients,0.2,0.589326325433035,0.7317249904153869,0.14239866498235187,0.11040854509919881,0.1768290605396032,0.9140625,0.828125
siim_acr,2,resnet18,lrp,0.1,0.5878107115404418,0.6991977471625432,0.1113870356221014,0.08078865334391594,0.14323597289621823,0.8359375,0.65625
siim_acr,2,resnet18,lrp,0.2,0.6354385884995841,0.7537983751390129,0.11835978663942884,0.08903970997780561,0.1494376055896282,0.875,0.734375
siim_acr,2,resnet18,rise,0.1,0.46901921929514856,0.5677662946982309,0.09874707540308236,0.07313189283013344,0.12780103273689747,0.84375,0.7734375
siim_acr,2,resnet18,rise,0.2,0.47144902034745606,0.6239949610317126,0.15254594068425653,0.11748752333223819,0.19035881534218785,0.9296875,0.859375
siim_acr,2,resnet18,extremal_perturbation,0.1,0.4785829857810313,0.6374819166958332,0.1588989309148019,0.12473014127463103,0.19530509226024148,0.8046875,0.7421875
siim_acr,2,resnet18,extremal_perturbation,0.2,0.5119338681320249,0.7066957360366359,0.19476186790461109,0.1540073912590742,0.23664614669978618,0.8671875,0.7578125
siim_acr,2,regnet_x_400mf,gradcam,0.1,0.48856642665487016,0.570628501009196,0.08206207435432589,0.06138796154409647,0.10488170832395553,0.828125,0.7109375
siim_acr,2,regnet_x_400mf,gradcam,0.2,0.5064002216095105,0.599164069397375,0.0927638477878645,0.07407164946198463,0.11309657990932465,0.8828125,0.8046875
siim_acr,2,regnet_x_400mf,layercam,0.1,0.48340220167301595,0.5756153784459457,0.09221317677292973,0.06958818770945072,0.11682693734765053,0.8046875,0.734375
siim_acr,2,regnet_x_400mf,layercam,0.2,0.49222372107561796,0.5920735348481685,0.09984981377255053,0.07842177096754313,0.12218381650745869,0.859375,0.7265625
siim_acr,2,regnet_x_400mf,integrated_gradients,0.1,0.3688565066695446,0.5005125165916979,0.13165600992215332,0.11024856213480234,0.15367462821304798,0.9140625,0.84375
siim_acr,2,regnet_x_400mf,integrated_gradients,0.2,0.40497828996012686,0.5745741332866601,0.1695958433265332,0.1426176019012928,0.19686167910695077,0.921875,0.8671875
siim_acr,2,regnet_x_400mf,lrp,0.1,0.34695755923706173,0.5091983412858099,0.16224078204874814,0.1360241800546646,0.18935818709433078,0.765625,0.734375
siim_acr,2,regnet_x_400mf,lrp,0.2,0.4043163948358597,0.5520449096802622,0.14772851484440253,0.11760839130729436,0.1799445036798715,0.8515625,0.734375
siim_acr,2,regnet_x_400mf,rise,0.1,0.42562686155664586,0.5413688095286489,0.11574194797200299,0.09121802989393472,0.14124017506837844,0.9140625,0.7734375
siim_acr,2,regnet_x_400mf,rise,0.2,0.4575880633929046,0.5744811432668939,0.11689307987398934,0.0937502421438694,0.14095920920372007,0.875,0.7890625
siim_acr,2,regnet_x_400mf,extremal_perturbation,0.1,0.34593177624981664,0.503729596384801,0.15779782013498433,0.12971779368817807,0.18639195971190928,0.8828125,0.8125
siim_acr,2,regnet_x_400mf,extremal_perturbation,0.2,0.38224560633352667,0.5508563767652959,0.1686107704317692,0.14010539315640927,0.19746320731937886,0.9296875,0.8984375
siim_acr,3,resnet18,gradcam,0.1,0.5725381654920056,0.6079076207242906,0.03536945523228496,0.027541020791977643,0.04359167022630572,0.84375,0.734375
siim_acr,3,resnet18,gradcam,0.2,0.5964801863301545,0.6434079847531393,0.04692779842298478,0.03623237991705537,0.05901165977120399,0.8984375,0.828125
siim_acr,3,resnet18,layercam,0.1,0.5701170212123543,0.6133103995816782,0.04319337836932391,0.033296297304332256,0.054193130042403934,0.8515625,0.7578125
siim_acr,3,resnet18,layercam,0.2,0.5888262717053294,0.6468281977577135,0.05800192605238408,0.043883759528398514,0.0741541715338826,0.8984375,0.796875
siim_acr,3,resnet18,integrated_gradients,0.1,0.40682427354477113,0.575003017205745,0.16817874366097385,0.1406119644641876,0.1970055431127548,0.8984375,0.8671875
siim_acr,3,resnet18,integrated_gradients,0.2,0.46871003985393145,0.6253573163412511,0.1566472764873197,0.12706948518753053,0.1865082122385502,0.90625,0.8359375
siim_acr,3,resnet18,lrp,0.1,0.42761049066530177,0.6048984829976689,0.17728799233236714,0.1488330192863941,0.20699862875044345,0.8984375,0.859375
siim_acr,3,resnet18,lrp,0.2,0.4581027814286577,0.6352240538690239,0.17712127244036627,0.14670671708881855,0.20890064910054204,0.9375,0.859375
siim_acr,3,resnet18,rise,0.1,0.5601932575809769,0.6008934986311942,0.0407002410502173,0.029115277249366044,0.05390492342412471,0.796875,0.703125
siim_acr,3,resnet18,rise,0.2,0.594330336258281,0.6339103805366904,0.03958004427840933,0.029698231257498264,0.05027084285393357,0.890625,0.7421875
siim_acr,3,resnet18,extremal_perturbation,0.1,0.4850307318738487,0.6079375664703548,0.12290683459650609,0.09767297804355621,0.14938461408019066,0.8671875,0.7578125
siim_acr,3,resnet18,extremal_perturbation,0.2,0.5200051845531561,0.6138233344827313,0.09381814992957516,0.07395245637744666,0.11488356757909059,0.890625,0.8125
siim_acr,3,regnet_x_400mf,gradcam,0.1,0.5551376095628151,0.6243101952131838,0.06917258565036868,0.052935834135860206,0.0867707772180438,0.828125,0.7109375
siim_acr,3,regnet_x_400mf,gradcam,0.2,0.5598273419013822,0.6466624381573638,0.08683509625598163,0.06707087308168411,0.10854539722204208,0.890625,0.7890625
siim_acr,3,regnet_x_400mf,layercam,0.1,0.5535785833835689,0.6240492808865383,0.07047069750296941,0.05474237035959959,0.08795624896883963,0.8515625,0.75
siim_acr,3,regnet_x_400mf,layercam,0.2,0.561829820046114,0.6387316447398916,0.0769018246937776,0.05963773159310222,0.09546556081622838,0.8828125,0.734375
siim_acr,3,regnet_x_400mf,integrated_gradients,0.1,0.45458398612572637,0.568974144058302,0.11439015793257568,0.0925764936953783,0.1378341231495142,0.8984375,0.828125
siim_acr,3,regnet_x_400mf,integrated_gradients,0.2,0.49382904162229124,0.6009848375397269,0.10715579591743563,0.08563683982938528,0.13002755753695963,0.8828125,0.7734375
siim_acr,3,regnet_x_400mf,lrp,0.1,0.3571125275827853,0.5155462645925581,0.15843373700977287,0.13127139434218407,0.1869407720863819,0.8828125,0.8125
siim_acr,3,regnet_x_400mf,lrp,0.2,0.38878010048642864,0.5699061328778043,0.1811260323913757,0.14989918954670428,0.21314878053963182,0.921875,0.828125
siim_acr,3,regnet_x_400mf,rise,0.1,0.5178603191725415,0.6012147704605013,0.08335445128795982,0.06251336485147477,0.10534474533051251,0.859375,0.6953125
siim_acr,3,regnet_x_400mf,rise,0.2,0.5207421617243426,0.6329104437027127,0.11216828197837003,0.09058475699275732,0.1355950277298689,0.8984375,0.8359375
siim_acr,3,regnet_x_400mf,extremal_perturbation,0.1,0.41404828069426003,0.564027322572656,0.14997904187839595,0.12280341666191816,0.179737463966012,0.8671875,0.7890625
siim_acr,3,regnet_x_400mf,extremal_perturbation,0.2,0.4885071934277221,0.6240401326722349,0.13553293924451282,0.10801337696611882,0.1655169330537319,0.8359375,0.7578125
siim_acr,4,resnet18,gradcam,0.1,0.47480361965718004,0.5487657334888354,0.07396211383165537,0.0536325971595943,0.0968898484483361,0.8671875,0.78125
siim_acr,4,resnet18,gradcam,0.2,0.4985519638057667,0.580453641130589,0.08190167732482223,0.05873258421197534,0.10844220742583274,0.90625,0.8515625
siim_acr,4,resnet18,layercam,0.1,0.47136175694924987,0.5560266622342169,0.08466490528496706,0.0629603773355484,0.10854016579687595,0.8828125,0.7734375
siim_acr,4,resnet18,layercam,0.2,0.4892180483946305,0.589273304445669,0.10005525605103859,0.07182616032660008,0.13050939366221426,0.9140625,0.859375
siim_acr,4,resnet18,integrated_gradients,0.1,0.4524503444331458,0.6086469341535121,0.15619658972036632,0.12709487676620485,0.18709003292024134,0.8828125,0.828125
siim_acr,4,resnet18,integrated_gradients,0.2,0.5200197426893283,0.6618406180059537,0.14182087531662546,0.11519571039825678,0.1694672517478466,0.921875,0.8515625
siim_acr,4,resnet18,lrp,0.1,0.5106546451435747,0.6565461300779134,0.14589148493433868,0.11282095275819301,0.18119808845221996,0.8828125,0.7734375
siim_acr,4,resnet18,lrp,0.2,0.5578731559653534,0.703003816306591,0.14513066034123767,0.11562587488442659,0.1770928356796503,0.9609375,0.84375
siim_acr,4,resnet18,rise,0.1,0.4599250264582224,0.5497114047175273,0.08978637825930491,0.07146623153239488,0.10876202490180731,0.859375,0.7734375
siim_acr,4,resnet18,rise,0.2,0.4782637389759399,0.5764613453648053,0.09819760638886543,0.0731976455077529,0.12626821175217628,0.8828125,0.84375
siim_acr,4,resnet18,extremal_perturbation,0.1,0.45111550091754715,0.6089059711666778,0.15779047024913062,0.13041642494499683,0.18681368641555307,0.8984375,0.828125
siim_acr,4,resnet18,extremal_perturbation,0.2,0.46823068055726935,0.6265549819509033,0.15832430139363396,0.12805555015802383,0.19002081006765364,0.9296875,0.8515625
siim_acr,4,regnet_x_400mf,gradcam,0.1,0.4779613501142421,0.598172495723702,0.12021114560945989,0.09727086573839187,0.14400338642299174,0.84375,0.7421875
siim_acr,4,regnet_x_400mf,gradcam,0.2,0.4844598230665724,0.607098134001717,0.12263831093514455,0.10049844663590193,0.14572176150977612,0.90625,0.8125
siim_acr,4,regnet_x_400mf,layercam,0.1,0.4719773594980978,0.590955720632337,0.11897836113423921,0.09601868093013763,0.14271268621087074,0.875,0.7734375
siim_acr,4,regnet_x_400mf,layercam,0.2,0.47952102727188617,0.5964744830027939,0.11695345573090776,0.09752064384520054,0.13706232160329815,0.90625,0.8203125
siim_acr,4,regnet_x_400mf,integrated_gradients,0.1,0.4613689551715652,0.5908308108337224,0.12946185566215718,0.10568922851234674,0.15474614500999448,0.90625,0.828125
siim_acr,4,regnet_x_400mf,integrated_gradients,0.2,0.4390276787849956,0.6181106119183823,0.17908293313338675,0.1530378445982933,0.20663717351853847,0.9296875,0.921875
siim_acr,4,regnet_x_400mf,lrp,0.1,0.4565849874070409,0.5802054909872822,0.12362050358024135,0.09317792356014253,0.15517029874026775,0.546875,0.46875
siim_acr,4,regnet_x_400mf,lrp,0.2,0.5064292444056298,0.6157028735615313,0.10927362915590155,0.08312376830726861,0.13773925080895424,0.7890625,0.59375
siim_acr,4,regnet_x_400mf,rise,0.1,0.4306527720788864,0.5818837203551084,0.15123094827622197,0.12420049179345369,0.18043279461562634,0.875,0.796875
siim_acr,4,regnet_x_400mf,rise,0.2,0.45555192336485106,0.6016348792472854,0.14608295588243436,0.12261744886636734,0.1710641048848629,0.890625,0.828125
siim_acr,4,regnet_x_400mf,extremal_perturbation,0.1,0.33908270161634846,0.5491784579353407,0.21009575631899224,0.1803245946764946,0.24170193187892436,0.921875,0.859375
siim_acr,4,regnet_x_400mf,extremal_perturbation,0.2,0.4043491327083757,0.5977406121673994,0.19339147945902369,0.16508944258093833,0.22352955788373946,0.9453125,0.9140625
isic2016,0,resnet18,gradcam,0.1,0.5299534842488356,0.6626461695414037,0.13269268529256806,0.10885453503578901,0.15728056803345677,0.8671875,0.7734375
isic2016,0,resnet18,gradcam,0.2,0.5552348707569763,0.6874331857543439,0.13219831499736756,0.10801587030291557,0.15710501708090305,0.921875,0.84375
isic2016,0,resnet18,layercam,0.1,0.4983607705216855,0.6513986620120704,0.15303789149038494,0.12861490286886693,0.17807652652263642,0.890625,0.828125
isic2016,0,resnet18,layercam,0.2,0.5049304007843602,0.6700726170092821,0.16514221622492187,0.1350850433111191,0.19562887102365495,0.90625,0.8359375
isic2016,0,resnet18,integrated_gradients,0.1,0.5223292072187178,0.6867514008190483,0.1644221936003305,0.13548933677375316,0.1955805983394384,0.90625,0.8359375
isic2016,0,resnet18,integrated_gradients,0.2,0.5351158742851112,0.6889278225135058,0.1538119482283946,0.1263262890279293,0.18270633630454539,0.9375,0.890625
isic2016,0,resnet18,lrp,0.1,0.5015148727688938,0.6820944952778518,0.18057962250895798,0.1562398172914982,0.20658249482512472,0.953125,0.921875
isic2016,0,resnet18,lrp,0.2,0.48343456837756094,0.6922096509952098,0.20877508261764888,0.1818074446171522,0.23607766702771188,0.9765625,0.9609375
isic2016,0,resnet18,rise,0.1,0.5055019518767949,0.6499937227927148,0.14449177091591991,0.121735636331141,0.16755780540406703,0.9453125,0.875
isic2016,0,resnet18,rise,0.2,0.5399343665339984,0.6774592876899987,0.13752492115600035,0.11473274938762187,0.16153311990201472,0.8984375,0.8671875
isic2016,0,resnet18,extremal_perturbation,0.1,0.5129640774102882,0.6692193613853306,0.1562552839750424,0.13414725996553897,0.17956086061894894,0.9296875,0.90625
isic2016,0,resnet18,extremal_perturbation,0.2,0.49578650153125636,0.676030658185482,0.18024415665422566,0.15368582867085934,0.20786919742822646,0.9375,0.8984375
isic2016,0,regnet_x_400mf,gradcam,0.1,0.46743169324365397,0.5787910396466032,0.1113593464029492,0.09035256523638964,0.13299049735069274,0.8125,0.7578125
isic2016,0,regnet_x_400mf,gradcam,0.2,0.48382306542066544,0.6124954333063215,0.12867236788565606,0.10701489374041558,0.15103276297450063,0.953125,0.8984375
isic2016,0,regnet_x_400mf,layercam,0.1,0.4514086056769884,0.5749768388923258,0.12356823321533739,0.09959826581180095,0.14808602519333364,0.8515625,0.78125
isic2016,0,regnet_x_400mf,layercam,0.2,0.4683302734746317,0.5921776524046436,0.1238473789300119,0.10204931199550629,0.14615260437130928,0.9296875,0.875
isic2016,0,regnet_x_400mf,integrated_gradients,0.1,0.4710382799916175,0.5771139919525012,0.10607571196088372,0.08300046063959599,0.13094113692641257,0.859375,0.7265625
isic2016,0,regnet_x_400mf,integrated_gradients,0.2,0.39634258351361495,0.574832726502791,0.1784901429891761,0.15339494869112968,0.20416573323309423,0.8984375,0.8515625
isic2016,0,regnet_x_400mf,lrp,0.1,0.7065793923102319,0.764244441408664,0.057665049098432064,0.03787450483068824,0.0798754334449768,0.6171875,0.4375
isic2016,0,regnet_x_400mf,lrp,0.2,0.4179518997557352,0.5928302515530959,0.17487835179736066,0.14697993882000446,0.20422525592148302,0.9296875,0.8828125
isic2016,0,regnet_x_400mf,rise,0.1,0.46615792383772714,0.6052186267097568,0.13906070287202965,0.11081401780247688,0.1698619496077299,0.84375,0.75
isic2016,0,regnet_x_400mf,rise,0.2,0.451737574106744,0.6170601984485984,0.1653226243418544,0.13493490256369114,0.19862571768462656,0.921875,0.8359375
isic2016,0,regnet_x_400mf,extremal_perturbation,0.1,0.5726290463644546,0.6633715652860701,0.09074251892161556,0.06809073258191348,0.11459534633904694,0.71875,0.5859375
isic2016,0,regnet_x_400mf,extremal_perturbation,0.2,0.5319054125727689,0.6504931600065902,0.11858774743382128,0.09215193558484316,0.14629760459065436,0.8046875,0.703125
isic2016,1,resnet18,gradcam,0.1,0.5544024074310752,0.6783120278269053,0.12390962039583006,0.09503696765750647,0.15461444295942783,0.9375,0.8359375
isic2016,1,resnet18,gradcam,0.2,0.5893272000685101,0.6774987954267999,0.08817159535828978,0.07001821026206016,0.10761361662298441,0.9296875,0.8046875
isic2016,1,resnet18,layercam,0.1,0.541802908891531,0.664119309047237,0.122316400155706,0.09436343163251877,0.15195444747805595,0.9609375,0.828125
isic2016,1,resnet18,layercam,0.2,0.5836743496765848,0.6875650475267321,0.10389069785014726,0.08223427273333073,0.12686763145029545,0.9375,0.84375
isic2016,1,resnet18,integrated_gradients,0.1,0.6285878221551684,0.7287572878412902,0.10016946568612184,0.07491502277553082,0.12803411893546582,0.8828125,0.7734375
isic2016,1,resnet18,integrated_gradients,0.2,0.6644966562435002,0.759266892913729,0.09477023667022877,0.06995817944407463,0.12273610774427653,0.875,0.75
isic2016,1,resnet18,lrp,0.1,0.5685092272096881,0.7361440968234092,0.1676348696137211,0.1318751461803913,0.20601075068116187,0.8984375,0.796875
isic2016,1,resnet18,lrp,0.2,0.6086203673166892,0.7678609278518707,0.15924056053518143,0.12507700584828854,0.19602793641388416,0.9375,0.828125
isic2016,1,resnet18,rise,0.1,0.5429171872031304,0.6784941375954077,0.13557695039227724,0.10307585299015046,0.17021597884595394,0.8984375,0.7890625
isic2016,1,resnet18,rise,0.2,0.5795637772458235,0.7026787759969011,0.12311499875107756,0.09620645362883806,0.15199276655912397,0.9609375,0.8828125
isic2016,1,resnet18,extremal_perturbation,0.1,0.5632384313706815,0.7271330584771931,0.1638946271065116,0.12954298704862593,0.19898787662386894,0.8984375,0.796875
isic2016,1,resnet18,extremal_perturbation,0.2,0.6179182387568289,0.7527533010579646,0.13483506230113562,0.10556877683848143,0.16534499265253544,0.8984375,0.78125
isic2016,1,regnet_x_400mf,gradcam,0.1,0.4851570082100807,0.5809812105726451,0.09582420236256439,0.07463916502892971,0.11836559548974035,0.7890625,0.703125
isic2016,1,regnet_x_400mf,gradcam,0.2,0.5564194130565738,0.6325977417873219,0.07617832873074804,0.06048144483938813,0.09312809295952319,0.7890625,0.71875
isic2016,1,regnet_x_400mf,layercam,0.1,0.44715739871026017,0.5515626319829607,0.10440523327270057,0.08240784872323274,0.1283752877265215,0.734375,0.6875
isic2016,1,regnet_x_400mf,layercam,0.2,0.5316745562431606,0.6101014293053595,0.07842687306219887,0.05910405116155744,0.09970530923455953,0.7890625,0.75
isic2016,1,regnet_x_400mf,integrated_gradients,0.1,0.3665091227085213,0.5355251705041155,0.1690160477955942,0.14361823312938213,0.19564758911728858,0.8984375,0.8671875
isic2016,1,regnet_x_400mf,integrated_gradients,0.2,0.38605859292147215,0.5604197785723954,0.1743611856509233,0.1507119283080101,0.19826431684195994,0.9375,0.890625
isic2016,1,regnet_x_400mf,lrp,0.1,0.6186334626261214,0.706174956416362,0.08754149379024057,0.059697817731648686,0.11880134977400301,0.640625,0.515625
isic2016,1,regnet_x_400mf,lrp,0.2,0.42491213191837574,0.5211674521763996,0.09625532025802386,0.07061639558523894,0.12342690210789442,0.546875,0.4765625
isic2016,1,regnet_x_400mf,rise,0.1,0.43661166163292364,0.5545836004894227,0.11797193885649904,0.0938836820423603,0.1435127377510071,0.875,0.7734375
isic2016,1,regnet_x_400mf,rise,0.2,0.4710408429493498,0.5705060350010172,0.09946519205166737,0.08075860906392336,0.11918121334165334,0.859375,0.8125
isic2016,1,regnet_x_400mf,extremal_perturbation,0.1,0.43929009066278013,0.5773056122998241,0.138015521637044,0.10958831012248993,0.168203267455101,0.8203125,0.6953125
isic2016,1,regnet_x_400mf,extremal_perturbation,0.2,0.400928578449566,0.5630873627960682,0.16215878434650222,0.13637300543487071,0.18981826603412627,0.921875,0.859375
isic2016,2,resnet18,gradcam,0.1,0.4860580004460644,0.6701540831127204,0.184096082666656,0.15953853651881217,0.20999003909528255,0.8984375,0.875
isic2016,2,resnet18,gradcam,0.2,0.5050304927281104,0.6841069459915161,0.1790764532634057,0.15389053747057915,0.20491181202232836,0.9765625,0.9375
isic2016,2,resnet18,layercam,0.1,0.47132733893522527,0.66993721248582,0.19860987355059478,0.17115584388375282,0.2272973135113716,0.9140625,0.8984375
isic2016,2,resnet18,layercam,0.2,0.4770590469124727,0.6656985328299925,0.18863948591751978,0.16061390638351442,0.21844895407557488,0.9375,0.8828125
isic2016,2,resnet18,integrated_gradients,0.1,0.47167505347169936,0.6508073325967416,0.17913227912504226,0.15345554500818254,0.20512418262660503,0.921875,0.890625
isic2016,2,resnet18,integrated_gradients,0.2,0.48004619435960194,0.6657755555352196,0.18572936117561767,0.1547370668500662,0.2182307418435812,0.9453125,0.8828125
isic2016,2,resnet18,lrp,0.1,0.4578294967068359,0.6792534869164228,0.22142399020958692,0.19178304634988308,0.25106928423047065,0.9765625,0.9609375
isic2016,2,resnet18,lrp,0.2,0.4358676311094314,0.678594488883391,0.24272685777395964,0.2130696214735508,0.2733887851238251,0.9609375,0.9453125
isic2016,2,resnet18,rise,0.1,0.5304229393950664,0.6717412025900558,0.1413182631949894,0.12012865319848061,0.16426556147634983,0.890625,0.8671875
isic2016,2,resnet18,rise,0.2,0.5441986295045353,0.6830502378288656,0.1388516083243303,0.11691735032945871,0.1626476686447859,0.9609375,0.9140625
isic2016,2,resnet18,extremal_perturbation,0.1,0.4597865825635381,0.6769680178258568,0.2171814352623187,0.18904570303857327,0.24623956866562366,0.9609375,0.9140625
isic2016,2,resnet18,extremal_perturbation,0.2,0.47082015649357345,0.6771291599143296,0.2063090034207562,0.17660097554326057,0.23703484833240507,0.9609375,0.9375
isic2016,2,regnet_x_400mf,gradcam,0.1,0.5437846453569364,0.6035014669178054,0.05971682156086899,0.03992815874516964,0.08238546922802924,0.7109375,0.5703125
isic2016,2,regnet_x_400mf,gradcam,0.2,0.6153573704123119,0.6548125576082384,0.039455187195926555,0.028417741972953083,0.05180156053975224,0.6796875,0.578125
isic2016,2,regnet_x_400mf,layercam,0.1,0.5331180606408452,0.5938274383697717,0.060709377728926484,0.04509011823683977,0.07849422954022885,0.7578125,0.625
isic2016,2,regnet_x_400mf,layercam,0.2,0.6152868853623659,0.6551317364010174,0.03984485103865154,0.027446745755150916,0.05358454640954733,0.7109375,0.5546875
isic2016,2,regnet_x_400mf,integrated_gradients,0.1,0.34923144084677915,0.5059091816074215,0.15667774076064234,0.13310034498572348,0.18148803412914274,0.9609375,0.890625
isic2016,2,regnet_x_400mf,integrated_gradients,0.2,0.43119325765885463,0.5861459194857161,0.15495266182686152,0.1310057319700718,0.17998747900128365,0.96875,0.9375
isic2016,2,regnet_x_400mf,lrp,0.1,0.5527721189053381,0.6471608326246496,0.09438871371931157,0.06630959045141935,0.12316149491816758,0.6796875,0.515625
isic2016,2,regnet_x_400mf,lrp,0.2,0.36180369084104314,0.5028522017819341,0.141048510940891,0.11234070621430874,0.1717512834817171,0.6953125,0.6015625
isic2016,2,regnet_x_400mf,rise,0.1,0.47114775413501775,0.5924023534171283,0.12125459928211058,0.09575873296707868,0.14812528677284717,0.8359375,0.75
isic2016,2,regnet_x_400mf,rise,0.2,0.4905889716355887,0.5926984814577736,0.10210950982218492,0.08028708901256323,0.12506244704127312,0.8828125,0.796875
isic2016,2,regnet_x_400mf,extremal_perturbation,0.1,0.4577531461543458,0.5578737867908785,0.1001206406365327,0.07636043746024371,0.12592723369598388,0.6953125,0.5859375
isic2016,2,regnet_x_400mf,extremal_perturbation,0.2,0.3952933082432537,0.5600416414963547,0.164748333253101,0.13876638375222683,0.19120160341262818,0.84375,0.796875
isic2016,3,resnet18,gradcam,0.1,0.4590279058320448,0.6047720552887768,0.14574414945673198,0.1211883032694459,0.17102323696017266,0.90625,0.8203125
isic2016,3,resnet18,gradcam,0.2,0.4929193666903302,0.6296771804336458,0.13675781374331564,0.11311032958328723,0.1617063999176025,0.9296875,0.8515625
isic2016,3,resnet18,layercam,0.1,0.4199117307725828,0.5972194557543844,0.17730772498180158,0.14809669703245162,0.20754635371267796,0.8828125,0.796875
isic2016,3,resnet18,layercam,0.2,0.4466707518548674,0.6093424244318157,0.16267167257694837,0.1350224632769823,0.1911052957177162,0.953125,0.8828125
isic2016,3,resnet18,integrated_gradients,0.1,0.4914510563976364,0.6703010345518123,0.17884997815417591,0.14763472080230713,0.21139129623770714,0.9453125,0.8515625
isic2016,3,resnet18,integrated_gradients,0.2,0.4772765859088395,0.6740272850729525,0.19675069916411303,0.16368145123124123,0.23000222370028495,0.9453125,0.8515625
isic2016,3,resnet18,lrp,0.1,0.40804056475826656,0.6378428963944316,0.22980233163616504,0.20339774675667285,0.25768640637397766,0.96875,0.953125
isic2016,3,resnet18,lrp,0.2,0.3935794502904173,0.6411613146774471,0.24758186438702978,0.2204550139605999,0.27467220202088355,0.9765625,0.9765625
isic2016,3,resnet18,rise,0.1,0.4559625980182318,0.6013102880679071,0.1453476900496753,0.12205393463373185,0.16996960043907167,0.890625,0.8203125
isic2016,3,resnet18,rise,0.2,0.5054255082868622,0.6371093785855919,0.13168387029872974,0.11105582173913717,0.15300639420747758,0.9375,0.875
isic2016,3,resnet18,extremal_perturbation,0.1,0.47686111043731216,0.6576171475462615,0.18075603710894939,0.15216562487185,0.2099770180881023,0.9765625,0.90625
isic2016,3,resnet18,extremal_perturbation,0.2,0.475563707506808,0.6575290553737432,0.1819653478669352,0.155547896027565,0.20824511237442495,0.9609375,0.921875
isic2016,3,regnet_x_400mf,gradcam,0.1,0.49913147121696966,0.586760648919153,0.08762917770218337,0.06859415415674448,0.1073050519451499,0.8046875,0.6953125
isic2016,3,regnet_x_400mf,gradcam,0.2,0.5014460450370706,0.5951325692003593,0.09368652416328871,0.07425791285932064,0.1144411079585552,0.8671875,0.796875
isic2016,3,regnet_x_400mf,layercam,0.1,0.4667333852981983,0.5668376552057452,0.10010426990754695,0.08020725827664137,0.12099257484078407,0.859375,0.765625
isic2016,3,regnet_x_400mf,layercam,0.2,0.4583075732443831,0.5589393200934865,0.10063174684910337,0.0816183116286993,0.12094761822372674,0.8828125,0.78125
isic2016,3,regnet_x_400mf,integrated_gradients,0.1,0.4490007057556795,0.5764885507524014,0.12748784499672183,0.1040856208652258,0.1520205855369568,0.875,0.7734375
isic2016,3,regnet_x_400mf,integrated_gradients,0.2,0.42333663223439544,0.5878656101413071,0.16452897790691168,0.14042482823133468,0.1898274604231119,0.8828125,0.8515625
isic2016,3,regnet_x_400mf,lrp,0.1,0.7566312450617005,0.7997327769698785,0.043101531908178004,0.021595079079270364,0.06787090823054313,0.484375,0.3515625
isic2016,3,regnet_x_400mf,lrp,0.2,0.41532247228497,0.6008724379640853,0.1855499656791153,0.1570621706545353,0.2160813212394714,0.90625,0.875
isic2016,3,regnet_x_400mf,rise,0.1,0.5189455768343691,0.6310033437330276,0.11205776689865843,0.08795024715363979,0.13827972672879696,0.828125,0.7578125
isic2016,3,regnet_x_400mf,rise,0.2,0.5108042176216259,0.625909136957489,0.11510491933586309,0.0926174221560359,0.1390019491314888,0.8203125,0.7890625
isic2016,3,regnet_x_400mf,extremal_perturbation,0.1,0.5841836984491238,0.675267260754481,0.09108356230535719,0.06523395143449306,0.11914394777268171,0.703125,0.609375
isic2016,3,regnet_x_400mf,extremal_perturbation,0.2,0.5449159328470614,0.6579146299045533,0.11299869705749188,0.08666415121406316,0.14182215966284273,0.7734375,0.703125
isic2016,4,resnet18,gradcam,0.1,0.3918878128670258,0.5725172212696634,0.18062940840263764,0.15056015327572822,0.2107396975159645,0.875,0.765625
isic2016,4,resnet18,gradcam,0.2,0.37815307898790707,0.6049168139288668,0.2267637349409597,0.19078947678208352,0.2636198557913303,0.9140625,0.859375
isic2016,4,resnet18,layercam,0.1,0.3993753495051351,0.5733860164182261,0.17401066691309097,0.1413562636822462,0.20707292594015597,0.828125,0.71875
isic2016,4,resnet18,layercam,0.2,0.41325871655840274,0.6025659785955213,0.18930726203711856,0.1541374921798706,0.22441178187727925,0.921875,0.8046875
isic2016,4,resnet18,integrated_gradients,0.1,0.4695905579245263,0.6651012429501861,0.19551068502565982,0.16356239169836045,0.22909850515425204,0.9296875,0.90625
isic2016,4,resnet18,integrated_gradients,0.2,0.4142179962498176,0.6524622335564345,0.23824423730661692,0.20722181722521782,0.27004941552877426,1.0,0.9765625
isic2016,4,resnet18,lrp,0.1,0.3467576131297392,0.6286668442189693,0.28190923108923016,0.25206546410918235,0.31261943504214285,0.9921875,0.9609375
isic2016,4,resnet18,lrp,0.2,0.33977583479418794,0.625825175549835,0.28604934075564703,0.2558445163071156,0.3169253133237362,0.9921875,0.9921875
isic2016,4,resnet18,rise,0.1,0.35541669103622553,0.6075840916018933,0.2521674005656678,0.21875634752213954,0.28643601685762404,0.9140625,0.8515625
isic2016,4,resnet18,rise,0.2,0.37337747647762853,0.6187570615438744,0.2453795850662459,0.21068343594670297,0.28064648658037183,0.953125,0.890625
isic2016,4,resnet18,extremal_perturbation,0.1,0.3709093304350972,0.6499215690419078,0.27901223860681057,0.2502132959663868,0.3079750381410122,0.984375,0.96875
isic2016,4,resnet18,extremal_perturbation,0.2,0.35408607096178457,0.6395082231611013,0.28542215219931677,0.25487937703728675,0.31616754233837124,0.9921875,0.96875
isic2016,4,regnet_x_400mf,gradcam,0.1,0.5011018848199456,0.5702229682465259,0.0691210834265803,0.05426193829625845,0.08467332758009434,0.8515625,0.71875
isic2016,4,regnet_x_400mf,gradcam,0.2,0.5119906942859416,0.5920784183545038,0.08008772406856224,0.061050737649202345,0.10067661460489034,0.859375,0.71875
isic2016,4,regnet_x_400mf,layercam,0.1,0.47793601502053207,0.5738934562541544,0.09595744123362238,0.07883372996002436,0.11527750492095946,0.8984375,0.8125
isic2016,4,regnet_x_400mf,layercam,0.2,0.5070901443305047,0.5767586543806829,0.06966851005017816,0.05478526735678315,0.08565660621970891,0.890625,0.75
isic2016,4,regnet_x_400mf,integrated_gradients,0.1,0.4614002818343579,0.5380653922911733,0.07666511045681546,0.05970512526109815,0.09499071631580591,0.828125,0.7109375
isic2016,4,regnet_x_400mf,integrated_gradients,0.2,0.45136281724262517,0.5628363769210409,0.11147355967841577,0.09219629261642695,0.1318750824779272,0.8984375,0.84375
isic2016,4,regnet_x_400mf,lrp,0.1,0.4373783083824492,0.5638238916289993,0.1264455832465501,0.0961115762591362,0.1579938903450966,0.8671875,0.71875
isic2016,4,regnet_x_400mf,lrp,0.2,0.40945415838677945,0.5301357327844016,0.12068157439762217,0.09281397052109241,0.1501285746693611,0.75,0.640625
isic2016,4,regnet_x_400mf,rise,0.1,0.4381524068485305,0.5557252283906564,0.1175728215421259,0.09436738695949316,0.14112821370363235,0.8515625,0.7421875
isic2016,4,regnet_x_400mf,rise,0.2,0.4601063464069739,0.5797365814214572,0.11963023501448333,0.09808073174208402,0.1420704685151577,0.9140625,0.84375
isic2016,4,regnet_x_400mf,extremal_perturbation,0.1,0.4346816694305744,0.5438992405543104,0.10921757112373598,0.08573401439934969,0.13452980630099773,0.84375,0.734375
isic2016,4,regnet_x_400mf,extremal_perturbation,0.2,0.4250466032294682,0.5674474849365652,0.14240088170709697,0.1162990177050233,0.16981449574232102,0.9140625,0.8125
pad_ufes20,0,resnet18,gradcam,0.1,0.5568896031898001,0.6077084713655969,0.050818867916646214,0.03471534177660942,0.06910580545663833,0.7782608695652173,0.6347826086956522
pad_ufes20,0,resnet18,gradcam,0.2,0.5612124627051146,0.6253319890602775,0.06411952648473823,0.04761508032679558,0.08210015371441841,0.8304347826086956,0.6739130434782609
pad_ufes20,0,resnet18,layercam,0.1,0.5313698695309501,0.5901190625584644,0.058749193406623344,0.0404522224329412,0.07971198800951242,0.7869565217391304,0.5956521739130435
pad_ufes20,0,resnet18,layercam,0.2,0.5222127062799601,0.6094708764034769,0.0872581703507382,0.0641716280952096,0.11255696900188923,0.8956521739130435,0.7217391304347827
pad_ufes20,0,resnet18,integrated_gradients,0.1,0.41900808395157585,0.5461993077526922,0.1271912241111631,0.1036293102428317,0.15241370685398578,0.8869565217391304,0.8173913043478261
pad_ufes20,0,resnet18,integrated_gradients,0.2,0.4753188071205564,0.6054022909506508,0.13008348397586655,0.10204786788672209,0.1599030878394842,0.9695652173913043,0.8565217391304348
pad_ufes20,0,resnet18,lrp,0.1,0.45016826917012426,0.5595425381608631,0.1093742689360743,0.0840746222063899,0.13612478785216808,0.8260869565217391,0.7434782608695653
pad_ufes20,0,resnet18,lrp,0.2,0.4598210127400386,0.597518580455495,0.13769756772595904,0.11065483149141073,0.166193076595664,0.8782608695652174,0.7956521739130434
pad_ufes20,0,resnet18,rise,0.1,0.5490685222063052,0.5909664513948171,0.04189792923305346,0.02589436308480799,0.05986455827951429,0.717391304347826,0.5652173913043478
pad_ufes20,0,resnet18,rise,0.2,0.5710850774593975,0.6216699736273807,0.050584896232770835,0.03830437706783414,0.06360094770789146,0.8217391304347826,0.7130434782608696
pad_ufes20,0,resnet18,extremal_perturbation,0.1,0.44314115706264323,0.5834783740665601,0.14033721730760906,0.11255452893674374,0.16997166760265828,0.8347826086956521,0.7608695652173914
pad_ufes20,0,resnet18,extremal_perturbation,0.2,0.5041741631844121,0.6199514710708804,0.11577730820230815,0.09114820342510939,0.14145630449056626,0.8869565217391304,0.7956521739130434
pad_ufes20,0,regnet_x_400mf,gradcam,0.1,0.5254609768643327,0.6046438485707926,0.07918287170645984,0.06153256502002478,0.09884864091873168,0.808695652173913,0.7217391304347827
pad_ufes20,0,regnet_x_400mf,gradcam,0.2,0.517371613341991,0.6277414520149646,0.11036983867297354,0.08911073561757803,0.13371633067727087,0.9304347826086956,0.8652173913043478
pad_ufes20,0,regnet_x_400mf,layercam,0.1,0.5276288204262053,0.6102996537218923,0.08267083329568697,0.06390804424881935,0.10332908760756254,0.8608695652173913,0.7391304347826086
pad_ufes20,0,regnet_x_400mf,layercam,0.2,0.5157764684084964,0.6244170626868373,0.10864059427834076,0.08816438168287277,0.1314984355121851,0.9434782608695652,0.8652173913043478
pad_ufes20,0,regnet_x_400mf,integrated_gradients,0.1,0.5200356141097195,0.6335480787183927,0.11351246460867317,0.09096889607608319,0.13785740323364734,0.9,0.8
pad_ufes20,0,regnet_x_400mf,integrated_gradients,0.2,0.5328648025493907,0.6491706455531328,0.11630584300374207,0.0956895750015974,0.1385834813117981,0.8956521739130435,0.8391304347826087
pad_ufes20,0,regnet_x_400mf,lrp,0.1,0.4723615327688015,0.5726686445267304,0.1003071117579289,0.07080447282642126,0.13206460252404212,0.7434782608695653,0.5869565217391305
pad_ufes20,0,regnet_x_400mf,lrp,0.2,0.5143568322549784,0.6369298302608988,0.12257299800592038,0.0952777810394764,0.1533484894782305,0.8391304347826087,0.7043478260869566
pad_ufes20,0,regnet_x_400mf,rise,0.1,0.5217009890824557,0.6238762928091961,0.10217530372674051,0.07948542106896639,0.12687304504215716,0.8173913043478261,0.7565217391304347
pad_ufes20,0,regnet_x_400mf,rise,0.2,0.541381849987817,0.638161284023005,0.09677943403518799,0.07357430905103683,0.12196962144225834,0.8260869565217391,0.717391304347826
pad_ufes20,0,regnet_x_400mf,extremal_perturbation,0.1,0.4411268384044018,0.5985085701164992,0.15738173171209738,0.12664484716951846,0.18921314813196657,0.8652173913043478,0.7782608695652173
pad_ufes20,0,regnet_x_400mf,extremal_perturbation,0.2,0.5155937972458322,0.6349606843746227,0.11936688712879044,0.09359315149486065,0.14652298390865326,0.8826086956521739,0.808695652173913
pad_ufes20,1,resnet18,gradcam,0.1,0.5044086495470821,0.5566265003699246,0.05221785072124365,0.03633163720369339,0.0692555133253336,0.6878787878787878,0.5787878787878787
pad_ufes20,1,resnet18,gradcam,0.2,0.5215330767134825,0.580110482329672,0.05857740541299184,0.044305782206356524,0.07407627888023853,0.7333333333333333,0.6939393939393941
pad_ufes20,1,resnet18,layercam,0.1,0.4626870452680371,0.5320121814355706,0.06932513603206837,0.050195563770830634,0.09053427353501318,0.7121212121212122,0.6075757575757577
pad_ufes20,1,resnet18,layercam,0.2,0.4695783712016375,0.5466164641533837,0.07703809266289076,0.059948000404983756,0.09519194141030311,0.7984848484848486,0.7530303030303032
pad_ufes20,1,resnet18,integrated_gradients,0.1,0.3907941451843009,0.4887291706195383,0.09793502496499003,0.07760777566581964,0.11921659354120492,0.8378787878787878,0.7606060606060605
pad_ufes20,1,resnet18,integrated_gradients,0.2,0.3988823388237506,0.5229605770952097,0.12407823836882456,0.09451113399118186,0.15640922002494334,0.9318181818181818,0.8363636363636363
pad_ufes20,1,resnet18,lrp,0.1,0.3967749800981079,0.5121620708794304,0.11538709142442904,0.08978530745953321,0.14192850515246389,0.85,0.7363636363636363
pad_ufes20,1,resnet18,lrp,0.2,0.40733131550216717,0.5240566386079246,0.11672532314603978,0.0925069561228156,0.1418541233986616,0.9045454545454545,0.7545454545454545
pad_ufes20,1,resnet18,rise,0.1,0.48823426550987997,0.5382644012683269,0.05003013572458064,0.035337181854993106,0.06572644747793674,0.6969696969696969,0.5712121212121213
pad_ufes20,1,resnet18,rise,0.2,0.507504877865766,0.5777354687847422,0.07023059039404898,0.04993294235318899,0.09311849810183048,0.8060606060606059,0.7166666666666668
pad_ufes20,1,resnet18,extremal_perturbation,0.1,0.4482999054658593,0.5444551393389702,0.09615523417790732,0.07482605762779712,0.11958239432424304,0.8606060606060605,0.7333333333333333
pad_ufes20,1,resnet18,extremal_perturbation,0.2,0.47984430900577346,0.5718389653798306,0.09199465664498735,0.07012409511953592,0.1151662034913897,0.8636363636363636,0.740909090909091
pad_ufes20,1,regnet_x_400mf,gradcam,0.1,0.4923759424212304,0.5808042031571721,0.08842826073594165,0.06829497497528791,0.11110973749309777,0.7924242424242424,0.7196969696969696
pad_ufes20,1,regnet_x_400mf,gradcam,0.2,0.47491865207187156,0.5585104885426435,0.08359183647077192,0.06359295211732388,0.1060197129845619,0.8696969696969696,0.8242424242424241
pad_ufes20,1,regnet_x_400mf,layercam,0.1,0.4806805764974067,0.5671270408639402,0.08644646436653354,0.0659656474366784,0.10909628998488187,0.8651515151515151,0.8106060606060606
pad_ufes20,1,regnet_x_400mf,layercam,0.2,0.4790821067311547,0.5509438998997211,0.07186179316856645,0.056270955689251424,0.08918926659971475,0.8924242424242423,0.8833333333333332
pad_ufes20,1,regnet_x_400mf,integrated_gradients,0.1,0.46643966690215605,0.6222707865364625,0.15583111963430632,0.12572771236300467,0.18818430714309214,0.9136363636363637,0.8363636363636363
pad_ufes20,1,regnet_x_400mf,integrated_gradients,0.2,0.47112981349654903,0.5696893103420735,0.0985594968455244,0.07718756571412086,0.12162526939064261,0.8969696969696969,0.8106060606060606
pad_ufes20,1,regnet_x_400mf,lrp,0.1,0.4866116044008845,0.6230727811993071,0.13646117679842257,0.10882876552641392,0.16615167856216426,0.7636363636363637,0.6772727272727272
pad_ufes20,1,regnet_x_400mf,lrp,0.2,0.4914026292831157,0.6386215622452173,0.1472189329621015,0.11561532262712718,0.18074335344135756,0.8242424242424241,0.6969696969696969
pad_ufes20,1,regnet_x_400mf,rise,0.1,0.49539882159848336,0.6057626219409886,0.11036380034250519,0.08840487394481897,0.13578911162912846,0.8696969696969696,0.7984848484848486
pad_ufes20,1,regnet_x_400mf,rise,0.2,0.4915011696709371,0.5985823225342867,0.10708115286334952,0.08213410563766957,0.13412035070359707,0.8969696969696969,0.8242424242424241
pad_ufes20,1,regnet_x_400mf,extremal_perturbation,0.1,0.451258825762797,0.6103286027908326,0.1590697770280354,0.12846498414874077,0.1912314474582672,0.9409090909090909,0.8181818181818182
pad_ufes20,1,regnet_x_400mf,extremal_perturbation,0.2,0.4465629749786537,0.6252719991134874,0.17870902413483372,0.14903764426708221,0.21008496060967444,0.9409090909090909,0.8772727272727273
pad_ufes20,2,resnet18,gradcam,0.1,0.4849810711815729,0.5444543173273763,0.05947324606749389,0.04052287926897406,0.0804488020017743,0.7822822822822822,0.6396396396396395
pad_ufes20,2,resnet18,gradcam,0.2,0.5181927863779748,0.5935454640660557,0.07535267789084632,0.05314874341711402,0.09906157981604337,0.8558558558558559,0.7357357357357357
pad_ufes20,2,resnet18,layercam,0.1,0.4735252181011887,0.5399037498880077,0.06637853140140082,0.04773656791076064,0.08628659565001726,0.7642642642642642,0.644144144144144
pad_ufes20,2,resnet18,layercam,0.2,0.508978443788001,0.5976241463655466,0.08864570299426357,0.06386303566396237,0.11449350025504827,0.8723723723723723,0.7567567567567566
pad_ufes20,2,resnet18,integrated_gradients,0.1,0.4809117266969817,0.560602908601632,0.07969118166972208,0.059242935013026,0.10139278136193752,0.7777777777777779,0.6756756756756757
pad_ufes20,2,resnet18,integrated_gradients,0.2,0.5278984647489456,0.6088746048666692,0.08097614019035221,0.05984469810500741,0.103642513230443,0.8603603603603603,0.7507507507507508
pad_ufes20,2,resnet18,lrp,0.1,0.446351132544412,0.5669190271928146,0.12056789444284038,0.09325380977243185,0.14965605437755583,0.8363363363363363,0.7267267267267267
pad_ufes20,2,resnet18,lrp,0.2,0.4785601475207707,0.6218449262616871,0.1432847785162138,0.10836293455213308,0.17996435351669787,0.8378378378378377,0.7312312312312312
pad_ufes20,2,resnet18,rise,0.1,0.4846654750809476,0.5525488516500404,0.06788337653553164,0.050454060453921555,0.08543805722147227,0.8243243243243243,0.6891891891891891
pad_ufes20,2,resnet18,rise,0.2,0.5034327848671792,0.5982354972008113,0.09480271179665314,0.07108487039804459,0.12004924658685921,0.9444444444444445,0.8243243243243242
pad_ufes20,2,resnet18,extremal_perturbation,0.1,0.4384481709327426,0.5545254596495055,0.1160772881797842,0.08872839640825987,0.14450417086482048,0.7867867867867868,0.7087087087087088
pad_ufes20,2,resnet18,extremal_perturbation,0.2,0.4918606070180734,0.6069228867287034,0.11506228001268058,0.0876526590436697,0.14404370747506617,0.885885885885886,0.7612612612612613
pad_ufes20,2,regnet_x_400mf,gradcam,0.1,0.5549247533351451,0.643086521117179,0.08816176778203373,0.0677432868629694,0.10987870562821626,0.8918918918918919,0.7852852852852853
pad_ufes20,2,regnet_x_400mf,gradcam,0.2,0.5486995363244423,0.6180019656324889,0.06930242930804645,0.05336247142404318,0.08636381980031728,0.9024024024024024,0.8348348348348349
pad_ufes20,2,regnet_x_400mf,layercam,0.1,0.5460189370432863,0.6271342744787891,0.0811153374355029,0.06166830798611045,0.10174167193472385,0.8738738738738738,0.7717717717717718
pad_ufes20,2,regnet_x_400mf,layercam,0.2,0.534779271647871,0.6157690502994054,0.08098977865153427,0.06174549525603652,0.10200945194810629,0.9159159159159159,0.8363363363363363
pad_ufes20,2,regnet_x_400mf,integrated_gradients,0.1,0.528095188426744,0.6342600410854494,0.10616485265870539,0.0806428598240018,0.13395417481660843,0.8918918918918919,0.7657657657657657
pad_ufes20,2,regnet_x_400mf,integrated_gradients,0.2,0.5299878945831468,0.6213967995466413,0.09140890496349459,0.07084803339093923,0.11351072806864977,0.9294294294294295,0.8168168168168168
pad_ufes20,2,regnet_x_400mf,lrp,0.1,0.4392531140385128,0.553382869619686,0.11412975558117318,0.088779541477561,0.14077438563108444,0.7747747747747747,0.6756756756756757
pad_ufes20,2,regnet_x_400mf,lrp,0.2,0.531467955072855,0.6454721152021721,0.11400416012931694,0.08822782691568136,0.1411008071154356,0.8108108108108109,0.7117117117117117
pad_ufes20,2,regnet_x_400mf,rise,0.1,0.5805362881073524,0.6693192922675216,0.08878300416016918,0.06820792630314827,0.1110318087041378,0.8483483483483484,0.7357357357357358
pad_ufes20,2,regnet_x_400mf,rise,0.2,0.5649227421453178,0.6722867720097573,0.1073640298644394,0.0853757569566369,0.13085320852696894,0.9504504504504504,0.8843843843843844
pad_ufes20,2,regnet_x_400mf,extremal_perturbation,0.1,0.5104073649174435,0.6503544396332076,0.13994707471576406,0.10951328836381435,0.1731129728257656,0.8573573573573574,0.7807807807807808
pad_ufes20,2,regnet_x_400mf,extremal_perturbation,0.2,0.5387833058324671,0.6798244872250714,0.1410411813926043,0.11203566994518041,0.171674133092165,0.918918918918919,0.8468468468468469
pad_ufes20,3,resnet18,gradcam,0.1,0.4775097628642464,0.5590964930318899,0.08158672954826872,0.05941677521914244,0.10718438196927309,0.8851132686084141,0.7394822006472491
pad_ufes20,3,resnet18,gradcam,0.2,0.47881959109645467,0.570070937661677,0.09125134667146553,0.07118289843201638,0.11306935790926217,0.9174757281553398,0.8187702265372169
pad_ufes20,3,resnet18,layercam,0.1,0.4854103792217595,0.5757996744949454,0.09038929527920814,0.06813309285789729,0.11457479838281866,0.8996763754045306,0.7847896440129449
pad_ufes20,3,resnet18,layercam,0.2,0.48101429131581264,0.5939267522212371,0.11291246039003232,0.08929155133664608,0.13778721801936628,0.9368932038834952,0.8721682847896439
pad_ufes20,3,resnet18,integrated_gradients,0.1,0.49213694219860254,0.5873012731520875,0.095164331224744,0.07373522073030472,0.11917037833482025,0.8656957928802588,0.7944983818770226
pad_ufes20,3,resnet18,integrated_gradients,0.2,0.520044919407797,0.6102089516119279,0.09016403215892106,0.06604699268937111,0.11631008088588714,0.8640776699029126,0.7799352750809061
pad_ufes20,3,resnet18,lrp,0.1,0.48357561766245316,0.5928265091188517,0.10925089076016713,0.0853809716179967,0.13591760359704494,0.8576051779935276,0.7961165048543689
pad_ufes20,3,resnet18,lrp,0.2,0.5069512525470897,0.622387585420053,0.11543633265595604,0.08900132291018963,0.1440410852432251,0.8899676375404529,0.8042071197411003
pad_ufes20,3,resnet18,rise,0.1,0.47586096538289924,0.5737133585037152,0.09785239299620627,0.06960333753377199,0.1288578562438488,0.8430420711974111,0.7119741100323626
pad_ufes20,3,resnet18,rise,0.2,0.4794969644902717,0.5945723591836525,0.11507539437860731,0.08840528950095176,0.14277501553297042,0.8932038834951457,0.8349514563106796
pad_ufes20,3,resnet18,extremal_perturbation,0.1,0.4661742629887217,0.5737036982834531,0.10752943493305286,0.08281594328582287,0.13408894948661326,0.8171521035598704,0.7330097087378641
pad_ufes20,3,resnet18,extremal_perturbation,0.2,0.5273109974375773,0.6192006255864712,0.09188962804943225,0.06748454757034779,0.11894094049930569,0.8786407766990292,0.7605177993527509
pad_ufes20,3,regnet_x_400mf,gradcam,0.1,0.5313286285494788,0.6014269928909043,0.07009836434142537,0.05222444636747241,0.08965234514325857,0.8203883495145631,0.7200647249190939
pad_ufes20,3,regnet_x_400mf,gradcam,0.2,0.5102947675894258,0.5889315586876196,0.07863679109819378,0.058525446336716413,0.10085845440626141,0.9466019417475728,0.8802588996763753
pad_ufes20,3,regnet_x_400mf,layercam,0.1,0.5168132688609045,0.5997145750882363,0.08290130622733179,0.06190779879689216,0.10590821821242567,0.8899676375404529,0.7896440129449838
pad_ufes20,3,regnet_x_400mf,layercam,0.2,0.511766965164065,0.5783897751767465,0.06662281001268158,0.04988079993054271,0.08546568043529987,0.9514563106796117,0.8705501618122978
pad_ufes20,3,regnet_x_400mf,integrated_gradients,0.1,0.5161171437905722,0.6534621501431882,0.137345006352616,0.10813470669090748,0.16871874481439592,0.923948220064725,0.8624595469255665
pad_ufes20,3,regnet_x_400mf,integrated_gradients,0.2,0.5016519989499323,0.6011962173175549,0.0995442183676227,0.07631169334053993,0.12562316246330738,0.9514563106796117,0.8462783171521034
pad_ufes20,3,regnet_x_400mf,lrp,0.1,0.41393072522790875,0.5627417220194556,0.14881099679154677,0.1189285034313798,0.18119109421968457,0.8187702265372168,0.7394822006472492
pad_ufes20,3,regnet_x_400mf,lrp,0.2,0.48919005156909096,0.6077117385121567,0.11852168694306556,0.09052460379898548,0.1484786942601204,0.6553398058252428,0.5922330097087378
pad_ufes20,3,regnet_x_400mf,rise,0.1,0.4874827118943111,0.610270474745039,0.12278776285072796,0.09650635551661253,0.1516521319746971,0.9174757281553398,0.8543689320388349
pad_ufes20,3,regnet_x_400mf,rise,0.2,0.4775987244964634,0.581181646912422,0.10358292241595854,0.0810575408861041,0.12758915945887564,0.9611650485436893,0.9336569579288025
pad_ufes20,3,regnet_x_400mf,extremal_perturbation,0.1,0.4900397357672549,0.6351956014060279,0.14515586563877303,0.11677266694605351,0.17555330283939838,0.877022653721683,0.8187702265372169
pad_ufes20,3,regnet_x_400mf,extremal_perturbation,0.2,0.49885121438182095,0.6235329893607537,0.12468177497893282,0.10074272137135268,0.1506674699485302,0.919093851132686,0.8624595469255665
pad_ufes20,4,resnet18,gradcam,0.1,0.4390608605069516,0.5275787626094414,0.08851790149350587,0.06607540640980006,0.11316200736910105,0.9363207547169812,0.8223270440251573
pad_ufes20,4,resnet18,gradcam,0.2,0.44941320985613487,0.558623285928987,0.10921007629085636,0.08565460406243801,0.13367273211479186,0.9669811320754716,0.9127358490566038
pad_ufes20,4,resnet18,layercam,0.1,0.44880687481168735,0.5274209013829629,0.07861402639006293,0.05931721031665802,0.098707390204072,0.9268867924528302,0.8066037735849056
pad_ufes20,4,resnet18,layercam,0.2,0.4701102651339375,0.5699824522594985,0.0998721869439824,0.07893963567912579,0.12164010871201751,0.9716981132075472,0.9127358490566038
pad_ufes20,4,resnet18,integrated_gradients,0.1,0.44682991646765435,0.5541190407561056,0.1072891244207913,0.08304970189929009,0.13317842930555343,0.8671383647798743,0.7020440251572326
pad_ufes20,4,resnet18,integrated_gradients,0.2,0.4984348139508903,0.5690224861620733,0.07058767228147145,0.054250807408243416,0.08829356357455252,0.8325471698113207,0.7114779874213836
pad_ufes20,4,resnet18,lrp,0.1,0.41030979857200894,0.5407284864183491,0.13041868761369266,0.10539055969566107,0.15617395527660846,0.9213836477987422,0.8380503144654088
pad_ufes20,4,resnet18,lrp,0.2,0.43626971492094463,0.5694788192756146,0.1332091047610127,0.10636300649493932,0.16104632578790187,0.9339622641509434,0.8584905660377359
pad_ufes20,4,resnet18,rise,0.1,0.44463345631019874,0.5409784354972389,0.09634497883559774,0.07365485802292823,0.12092179637402295,0.9088050314465408,0.7830188679245284
pad_ufes20,4,resnet18,rise,0.2,0.4510425507664276,0.5587098123952335,0.10766726143002135,0.08499560728669167,0.13180990405380724,0.9575471698113207,0.8584905660377359
pad_ufes20,4,resnet18,extremal_perturbation,0.1,0.4402174793664108,0.5528626092387445,0.11264512962046658,0.08753766901791096,0.1396748334169388,0.8702830188679245,0.7727987421383646
pad_ufes20,4,resnet18,extremal_perturbation,0.2,0.4644027441189443,0.5732093457858892,0.10880660143850733,0.0845804125070572,0.1342747677117586,0.8411949685534592,0.7468553459119496
pad_ufes20,4,regnet_x_400mf,gradcam,0.1,0.5082283550926482,0.5765691641132412,0.06834080902059304,0.04977941764518619,0.08834955301135779,0.9166666666666667,0.7877358490566038
pad_ufes20,4,regnet_x_400mf,gradcam,0.2,0.5005351596944813,0.5685770197493385,0.06804186005485738,0.050497871823608875,0.08821944333612919,0.9355345911949686,0.9119496855345912
pad_ufes20,4,regnet_x_400mf,layercam,0.1,0.5042879114585277,0.5759626779684786,0.07167476650995082,0.0535528251901269,0.09142902474850416,0.9481132075471698,0.8333333333333334
pad_ufes20,4,regnet_x_400mf,layercam,0.2,0.5063849990160948,0.5591858442808332,0.05280084526473832,0.039783138874918224,0.06678603161126374,0.9316037735849056,0.875
pad_ufes20,4,regnet_x_400mf,integrated_gradients,0.1,0.47308642775034576,0.5737021207200281,0.10061569296968233,0.07993427328765393,0.1228828102350235,0.904874213836478,0.815251572327044
pad_ufes20,4,regnet_x_400mf,integrated_gradients,0.2,0.508528079566148,0.5698181337343072,0.06129005416815921,0.04575055129826069,0.07800313699990509,0.9221698113207547,0.8089622641509434
pad_ufes20,4,regnet_x_400mf,lrp,0.1,0.3641675698026171,0.46737493523074397,0.10320736542812682,0.07926609050482511,0.1272357039153576,0.7311320754716981,0.613993710691824
pad_ufes20,4,regnet_x_400mf,lrp,0.2,0.44259745259066374,0.5482400255590986,0.10564257296843475,0.07799187786877156,0.1341576986014843,0.6768867924528302,0.5872641509433961
pad_ufes20,4,regnet_x_400mf,rise,0.1,0.4986202895318073,0.5898594006942878,0.0912391111624805,0.06868526544421912,0.11652320250868796,0.880503144654088,0.7759433962264151
pad_ufes20,4,regnet_x_400mf,rise,0.2,0.5016916403642112,0.5876688440886777,0.08597720372446654,0.06333518903702498,0.11172037776559592,0.9316037735849056,0.8309748427672956
pad_ufes20,4,regnet_x_400mf,extremal_perturbation,0.1,0.3794535872363192,0.509398573810387,0.12994498657406772,0.10421433318406344,0.156346507743001,0.910377358490566,0.7924528301886793
pad_ufes20,4,regnet_x_400mf,extremal_perturbation,0.2,0.4192216390947578,0.585766917949765,0.16654527885500717,0.13713887110352516,0.1965289305895567,0.9575471698113207,0.8883647798742139
